Copyright 1986-2020 Xilinx, Inc. All Rights Reserved.
-----------------------------------------------------------------------------------------------------------------------------------------------------------------------------------------------------------
| Tool Version : Vivado v.2020.1 (win64) Build 2902540 Wed May 27 19:54:49 MDT 2020
| Date         : Mon Oct  5 16:10:24 2026
| Host         : Q running 64-bit major release  (build 9200)
| Command      : report_timing_summary -max_paths 10 -file exp2_wrapper_timing_summary_routed.rpt -pb exp2_wrapper_timing_summary_routed.pb -rpx exp2_wrapper_timing_summary_routed.rpx -warn_on_violation
| Design       : exp2_wrapper
| Device       : 7a35t-cpg236
| Speed File   : -1  PRODUCTION 1.23 2018-06-13
-----------------------------------------------------------------------------------------------------------------------------------------------------------------------------------------------------------

Timing Summary Report

------------------------------------------------------------------------------------------------
| Timer Settings
| --------------
------------------------------------------------------------------------------------------------

  Enable Multi Corner Analysis               :  Yes
  Enable Pessimism Removal                   :  Yes
  Pessimism Removal Resolution               :  Nearest Common Node
  Enable Input Delay Default Clock           :  No
  Enable Preset / Clear Arcs                 :  No
  Disable Flight Delays                      :  No
  Ignore I/O Paths                           :  No
  Timing Early Launch at Borrowing Latches   :  No
  Borrow Time for Max Delay Exceptions       :  Yes
  Merge Timing Exceptions                    :  Yes

  Corner  Analyze    Analyze    
  Name    Max Paths  Min Paths  
  ------  ---------  ---------  
  Slow    Yes        Yes        
  Fast    Yes        Yes        



check_timing report

Table of Contents
-----------------
1. checking no_clock (16)
2. checking constant_clock (0)
3. checking pulse_width_clock (0)
4. checking unconstrained_internal_endpoints (32)
5. checking no_input_delay (4)
6. checking no_output_delay (12)
7. checking multiple_clock (0)
8. checking generated_clocks (0)
9. checking loops (0)
10. checking partial_input_delay (0)
11. checking partial_output_delay (0)
12. checking latch_loops (0)

1. checking no_clock (16)
-------------------------
 There are 8 register/latch pins with no clock driven by root clock pin: exp2_i/clk_mgnmnt_0/inst/clk_div_reg/Q (HIGH)

 There are 8 register/latch pins with no clock driven by root clock pin: exp2_i/modular_clk_div_0/inst/clk_div_reg/Q (HIGH)


2. checking constant_clock (0)
------------------------------
 There are 0 register/latch pins with constant_clock.


3. checking pulse_width_clock (0)
---------------------------------
 There are 0 register/latch pins which need pulse_width check


4. checking unconstrained_internal_endpoints (32)
-------------------------------------------------
 There are 32 pins that are not constrained for maximum delay. (HIGH)

 There are 0 pins that are not constrained for maximum delay due to constant clock.


5. checking no_input_delay (4)
------------------------------
 There are 4 input ports with no input delay specified. (HIGH)

 There are 0 input ports with no input delay but user has a false path constraint.


6. checking no_output_delay (12)
--------------------------------
 There are 12 ports with no output delay specified. (HIGH)

 There are 0 ports with no output delay but user has a false path constraint

 There are 0 ports with no output delay but with a timing clock defined on it or propagating through it


7. checking multiple_clock (0)
------------------------------
 There are 0 register/latch pins with multiple clocks.


8. checking generated_clocks (0)
--------------------------------
 There are 0 generated clocks that are not connected to a clock source.


9. checking loops (0)
---------------------
 There are 0 combinational loops in the design.


10. checking partial_input_delay (0)
------------------------------------
 There are 0 input ports with partial input delay specified.


11. checking partial_output_delay (0)
-------------------------------------
 There are 0 ports with partial output delay specified.


12. checking latch_loops (0)
----------------------------
 There are 0 combinational latch loops in the design through latch input



------------------------------------------------------------------------------------------------
| Design Timing Summary
| ---------------------
------------------------------------------------------------------------------------------------

    WNS(ns)      TNS(ns)  TNS Failing Endpoints  TNS Total Endpoints      WHS(ns)      THS(ns)  THS Failing Endpoints  THS Total Endpoints     WPWS(ns)     TPWS(ns)  TPWS Failing Endpoints  TPWS Total Endpoints  
    -------      -------  ---------------------  -------------------      -------      -------  ---------------------  -------------------     --------     --------  ----------------------  --------------------  
      6.374        0.000                      0                  104        0.176        0.000                      0                  104        4.500        0.000                       0                    74  


All user specified timing constraints are met.


------------------------------------------------------------------------------------------------
| Clock Summary
| -------------
------------------------------------------------------------------------------------------------

Clock        Waveform(ns)       Period(ns)      Frequency(MHz)
-----        ------------       ----------      --------------
sys_clk_pin  {0.000 5.000}      10.000          100.000         


------------------------------------------------------------------------------------------------
| Intra Clock Table
| -----------------
------------------------------------------------------------------------------------------------

Clock             WNS(ns)      TNS(ns)  TNS Failing Endpoints  TNS Total Endpoints      WHS(ns)      THS(ns)  THS Failing Endpoints  THS Total Endpoints     WPWS(ns)     TPWS(ns)  TPWS Failing Endpoints  TPWS Total Endpoints  
-----             -------      -------  ---------------------  -------------------      -------      -------  ---------------------  -------------------     --------     --------  ----------------------  --------------------  
sys_clk_pin         6.374        0.000                      0                   94        0.176        0.000                      0                   94        4.500        0.000                       0                    74  


------------------------------------------------------------------------------------------------
| Inter Clock Table
| -----------------
------------------------------------------------------------------------------------------------

From Clock    To Clock          WNS(ns)      TNS(ns)  TNS Failing Endpoints  TNS Total Endpoints      WHS(ns)      THS(ns)  THS Failing Endpoints  THS Total Endpoints  
----------    --------          -------      -------  ---------------------  -------------------      -------      -------  ---------------------  -------------------  


------------------------------------------------------------------------------------------------
| Other Path Groups Table
| -----------------------
------------------------------------------------------------------------------------------------

Path Group         From Clock         To Clock               WNS(ns)      TNS(ns)  TNS Failing Endpoints  TNS Total Endpoints      WHS(ns)      THS(ns)  THS Failing Endpoints  THS Total Endpoints  
----------         ----------         --------               -------      -------  ---------------------  -------------------      -------      -------  ---------------------  -------------------  
**async_default**  sys_clk_pin        sys_clk_pin              6.871        0.000                      0                   10        0.922        0.000                      0                   10  


------------------------------------------------------------------------------------------------
| Timing Details
| --------------
------------------------------------------------------------------------------------------------


---------------------------------------------------------------------------------------------------
From Clock:  sys_clk_pin
  To Clock:  sys_clk_pin

Setup :            0  Failing Endpoints,  Worst Slack        6.374ns,  Total Violation        0.000ns
Hold  :            0  Failing Endpoints,  Worst Slack        0.176ns,  Total Violation        0.000ns
PW    :            0  Failing Endpoints,  Worst Slack        4.500ns,  Total Violation        0.000ns
---------------------------------------------------------------------------------------------------


Max Delay Paths
--------------------------------------------------------------------------------------
Slack (MET) :             6.374ns  (required time - arrival time)
  Source:                 exp2_i/clk_mgnmnt_0/inst/count_reg[3]/C
                            (rising edge-triggered cell FDCE clocked by sys_clk_pin  {rise@0.000ns fall@5.000ns period=10.000ns})
  Destination:            exp2_i/clk_mgnmnt_0/inst/count_reg[0]/D
                            (rising edge-triggered cell FDCE clocked by sys_clk_pin  {rise@0.000ns fall@5.000ns period=10.000ns})
  Path Group:             sys_clk_pin
  Path Type:              Setup (Max at Slow Process Corner)
  Requirement:            10.000ns  (sys_clk_pin rise@10.000ns - sys_clk_pin rise@0.000ns)
  Data Path Delay:        3.620ns  (logic 1.909ns (52.740%)  route 1.711ns (47.260%))
  Logic Levels:           4  (CARRY4=2 LUT2=1 LUT3=1)
  Clock Path Skew:        0.000ns (DCD - SCD + CPR)
    Destination Clock Delay (DCD):    4.852ns = ( 14.852 - 10.000 ) 
    Source Clock Delay      (SCD):    5.150ns
    Clock Pessimism Removal (CPR):    0.298ns
  Clock Uncertainty:      0.035ns  ((TSJ^2 + TIJ^2)^1/2 + DJ) / 2 + PE
    Total System Jitter     (TSJ):    0.071ns
    Total Input Jitter      (TIJ):    0.000ns
    Discrete Jitter          (DJ):    0.000ns
    Phase Error              (PE):    0.000ns

    Location             Delay type                Incr(ns)  Path(ns)    Netlist Resource(s)
  -------------------------------------------------------------------    -------------------
                         (clock sys_clk_pin rise edge)
                                                      0.000     0.000 r  
    W5                                                0.000     0.000 r  clk (IN)
                         net (fo=0)                   0.000     0.000    clk
    W5                   IBUF (Prop_ibuf_I_O)         1.458     1.458 r  clk_IBUF_inst/O
                         net (fo=1, routed)           1.967     3.425    clk_IBUF
    BUFGCTRL_X0Y0        BUFG (Prop_bufg_I_O)         0.096     3.521 r  clk_IBUF_BUFG_inst/O
                         net (fo=73, routed)          1.629     5.150    exp2_i/clk_mgnmnt_0/inst/clk
    SLICE_X62Y32         FDCE                                         r  exp2_i/clk_mgnmnt_0/inst/count_reg[3]/C
  -------------------------------------------------------------------    -------------------
    SLICE_X62Y32         FDCE (Prop_fdce_C_Q)         0.419     5.569 r  exp2_i/clk_mgnmnt_0/inst/count_reg[3]/Q
                         net (fo=6, routed)           0.863     6.432    exp2_i/clk_mgnmnt_0/inst/count_reg[3]
    SLICE_X63Y33         LUT3 (Prop_lut3_I0_O)        0.296     6.728 r  exp2_i/clk_mgnmnt_0/inst/count1_carry_i_7/O
                         net (fo=1, routed)           0.000     6.728    exp2_i/clk_mgnmnt_0/inst/count1_carry_i_7_n_0
    SLICE_X63Y33         CARRY4 (Prop_carry4_S[1]_CO[3])
                                                      0.550     7.278 r  exp2_i/clk_mgnmnt_0/inst/count1_carry/CO[3]
                         net (fo=1, routed)           0.000     7.278    exp2_i/clk_mgnmnt_0/inst/count1_carry_n_0
    SLICE_X63Y34         CARRY4 (Prop_carry4_CI_CO[0])
                                                      0.271     7.549 f  exp2_i/clk_mgnmnt_0/inst/count1_carry__0/CO[0]
                         net (fo=11, routed)          0.848     8.397    exp2_i/clk_mgnmnt_0/inst/count1_carry__0_n_3
    SLICE_X62Y32         LUT2 (Prop_lut2_I1_O)        0.373     8.770 r  exp2_i/clk_mgnmnt_0/inst/count[0]_i_1/O
                         net (fo=1, routed)           0.000     8.770    exp2_i/clk_mgnmnt_0/inst/count[0]_i_1_n_0
    SLICE_X62Y32         FDCE                                         r  exp2_i/clk_mgnmnt_0/inst/count_reg[0]/D
  -------------------------------------------------------------------    -------------------

                         (clock sys_clk_pin rise edge)
                                                     10.000    10.000 r  
    W5                                                0.000    10.000 r  clk (IN)
                         net (fo=0)                   0.000    10.000    clk
    W5                   IBUF (Prop_ibuf_I_O)         1.388    11.388 r  clk_IBUF_inst/O
                         net (fo=1, routed)           1.862    13.250    clk_IBUF
    BUFGCTRL_X0Y0        BUFG (Prop_bufg_I_O)         0.091    13.341 r  clk_IBUF_BUFG_inst/O
                         net (fo=73, routed)          1.511    14.852    exp2_i/clk_mgnmnt_0/inst/clk
    SLICE_X62Y32         FDCE                                         r  exp2_i/clk_mgnmnt_0/inst/count_reg[0]/C
                         clock pessimism              0.298    15.150    
                         clock uncertainty           -0.035    15.115    
    SLICE_X62Y32         FDCE (Setup_fdce_C_D)        0.029    15.144    exp2_i/clk_mgnmnt_0/inst/count_reg[0]
  -------------------------------------------------------------------
                         required time                         15.144    
                         arrival time                          -8.770    
  -------------------------------------------------------------------
                         slack                                  6.374    

Slack (MET) :             6.375ns  (required time - arrival time)
  Source:                 exp2_i/clk_mgnmnt_0/inst/count_reg[3]/C
                            (rising edge-triggered cell FDCE clocked by sys_clk_pin  {rise@0.000ns fall@5.000ns period=10.000ns})
  Destination:            exp2_i/clk_mgnmnt_0/inst/count_reg[7]/D
                            (rising edge-triggered cell FDCE clocked by sys_clk_pin  {rise@0.000ns fall@5.000ns period=10.000ns})
  Path Group:             sys_clk_pin
  Path Type:              Setup (Max at Slow Process Corner)
  Requirement:            10.000ns  (sys_clk_pin rise@10.000ns - sys_clk_pin rise@0.000ns)
  Data Path Delay:        3.599ns  (logic 1.909ns (53.048%)  route 1.690ns (46.952%))
  Logic Levels:           4  (CARRY4=2 LUT3=1 LUT4=1)
  Clock Path Skew:        -0.022ns (DCD - SCD + CPR)
    Destination Clock Delay (DCD):    4.852ns = ( 14.852 - 10.000 ) 
    Source Clock Delay      (SCD):    5.150ns
    Clock Pessimism Removal (CPR):    0.276ns
  Clock Uncertainty:      0.035ns  ((TSJ^2 + TIJ^2)^1/2 + DJ) / 2 + PE
    Total System Jitter     (TSJ):    0.071ns
    Total Input Jitter      (TIJ):    0.000ns
    Discrete Jitter          (DJ):    0.000ns
    Phase Error              (PE):    0.000ns

    Location             Delay type                Incr(ns)  Path(ns)    Netlist Resource(s)
  -------------------------------------------------------------------    -------------------
                         (clock sys_clk_pin rise edge)
                                                      0.000     0.000 r  
    W5                                                0.000     0.000 r  clk (IN)
                         net (fo=0)                   0.000     0.000    clk
    W5                   IBUF (Prop_ibuf_I_O)         1.458     1.458 r  clk_IBUF_inst/O
                         net (fo=1, routed)           1.967     3.425    clk_IBUF
    BUFGCTRL_X0Y0        BUFG (Prop_bufg_I_O)         0.096     3.521 r  clk_IBUF_BUFG_inst/O
                         net (fo=73, routed)          1.629     5.150    exp2_i/clk_mgnmnt_0/inst/clk
    SLICE_X62Y32         FDCE                                         r  exp2_i/clk_mgnmnt_0/inst/count_reg[3]/C
  -------------------------------------------------------------------    -------------------
    SLICE_X62Y32         FDCE (Prop_fdce_C_Q)         0.419     5.569 r  exp2_i/clk_mgnmnt_0/inst/count_reg[3]/Q
                         net (fo=6, routed)           0.863     6.432    exp2_i/clk_mgnmnt_0/inst/count_reg[3]
    SLICE_X63Y33         LUT3 (Prop_lut3_I0_O)        0.296     6.728 r  exp2_i/clk_mgnmnt_0/inst/count1_carry_i_7/O
                         net (fo=1, routed)           0.000     6.728    exp2_i/clk_mgnmnt_0/inst/count1_carry_i_7_n_0
    SLICE_X63Y33         CARRY4 (Prop_carry4_S[1]_CO[3])
                                                      0.550     7.278 r  exp2_i/clk_mgnmnt_0/inst/count1_carry/CO[3]
                         net (fo=1, routed)           0.000     7.278    exp2_i/clk_mgnmnt_0/inst/count1_carry_n_0
    SLICE_X63Y34         CARRY4 (Prop_carry4_CI_CO[0])
                                                      0.271     7.549 f  exp2_i/clk_mgnmnt_0/inst/count1_carry__0/CO[0]
                         net (fo=11, routed)          0.827     8.376    exp2_i/clk_mgnmnt_0/inst/count1_carry__0_n_3
    SLICE_X63Y32         LUT4 (Prop_lut4_I3_O)        0.373     8.749 r  exp2_i/clk_mgnmnt_0/inst/count[7]_i_1/O
                         net (fo=1, routed)           0.000     8.749    exp2_i/clk_mgnmnt_0/inst/count[7]_i_1_n_0
    SLICE_X63Y32         FDCE                                         r  exp2_i/clk_mgnmnt_0/inst/count_reg[7]/D
  -------------------------------------------------------------------    -------------------

                         (clock sys_clk_pin rise edge)
                                                     10.000    10.000 r  
    W5                                                0.000    10.000 r  clk (IN)
                         net (fo=0)                   0.000    10.000    clk
    W5                   IBUF (Prop_ibuf_I_O)         1.388    11.388 r  clk_IBUF_inst/O
                         net (fo=1, routed)           1.862    13.250    clk_IBUF
    BUFGCTRL_X0Y0        BUFG (Prop_bufg_I_O)         0.091    13.341 r  clk_IBUF_BUFG_inst/O
                         net (fo=73, routed)          1.511    14.852    exp2_i/clk_mgnmnt_0/inst/clk
    SLICE_X63Y32         FDCE                                         r  exp2_i/clk_mgnmnt_0/inst/count_reg[7]/C
                         clock pessimism              0.276    15.128    
                         clock uncertainty           -0.035    15.093    
    SLICE_X63Y32         FDCE (Setup_fdce_C_D)        0.031    15.124    exp2_i/clk_mgnmnt_0/inst/count_reg[7]
  -------------------------------------------------------------------
                         required time                         15.124    
                         arrival time                          -8.749    
  -------------------------------------------------------------------
                         slack                                  6.375    

Slack (MET) :             6.387ns  (required time - arrival time)
  Source:                 exp2_i/clk_mgnmnt_0/inst/count_reg[3]/C
                            (rising edge-triggered cell FDCE clocked by sys_clk_pin  {rise@0.000ns fall@5.000ns period=10.000ns})
  Destination:            exp2_i/clk_mgnmnt_0/inst/count_reg[2]/D
                            (rising edge-triggered cell FDCE clocked by sys_clk_pin  {rise@0.000ns fall@5.000ns period=10.000ns})
  Path Group:             sys_clk_pin
  Path Type:              Setup (Max at Slow Process Corner)
  Requirement:            10.000ns  (sys_clk_pin rise@10.000ns - sys_clk_pin rise@0.000ns)
  Data Path Delay:        3.608ns  (logic 1.909ns (52.905%)  route 1.699ns (47.095%))
  Logic Levels:           4  (CARRY4=2 LUT3=1 LUT4=1)
  Clock Path Skew:        0.000ns (DCD - SCD + CPR)
    Destination Clock Delay (DCD):    4.852ns = ( 14.852 - 10.000 ) 
    Source Clock Delay      (SCD):    5.150ns
    Clock Pessimism Removal (CPR):    0.298ns
  Clock Uncertainty:      0.035ns  ((TSJ^2 + TIJ^2)^1/2 + DJ) / 2 + PE
    Total System Jitter     (TSJ):    0.071ns
    Total Input Jitter      (TIJ):    0.000ns
    Discrete Jitter          (DJ):    0.000ns
    Phase Error              (PE):    0.000ns

    Location             Delay type                Incr(ns)  Path(ns)    Netlist Resource(s)
  -------------------------------------------------------------------    -------------------
                         (clock sys_clk_pin rise edge)
                                                      0.000     0.000 r  
    W5                                                0.000     0.000 r  clk (IN)
                         net (fo=0)                   0.000     0.000    clk
    W5                   IBUF (Prop_ibuf_I_O)         1.458     1.458 r  clk_IBUF_inst/O
                         net (fo=1, routed)           1.967     3.425    clk_IBUF
    BUFGCTRL_X0Y0        BUFG (Prop_bufg_I_O)         0.096     3.521 r  clk_IBUF_BUFG_inst/O
                         net (fo=73, routed)          1.629     5.150    exp2_i/clk_mgnmnt_0/inst/clk
    SLICE_X62Y32         FDCE                                         r  exp2_i/clk_mgnmnt_0/inst/count_reg[3]/C
  -------------------------------------------------------------------    -------------------
    SLICE_X62Y32         FDCE (Prop_fdce_C_Q)         0.419     5.569 r  exp2_i/clk_mgnmnt_0/inst/count_reg[3]/Q
                         net (fo=6, routed)           0.863     6.432    exp2_i/clk_mgnmnt_0/inst/count_reg[3]
    SLICE_X63Y33         LUT3 (Prop_lut3_I0_O)        0.296     6.728 r  exp2_i/clk_mgnmnt_0/inst/count1_carry_i_7/O
                         net (fo=1, routed)           0.000     6.728    exp2_i/clk_mgnmnt_0/inst/count1_carry_i_7_n_0
    SLICE_X63Y33         CARRY4 (Prop_carry4_S[1]_CO[3])
                                                      0.550     7.278 r  exp2_i/clk_mgnmnt_0/inst/count1_carry/CO[3]
                         net (fo=1, routed)           0.000     7.278    exp2_i/clk_mgnmnt_0/inst/count1_carry_n_0
    SLICE_X63Y34         CARRY4 (Prop_carry4_CI_CO[0])
                                                      0.271     7.549 f  exp2_i/clk_mgnmnt_0/inst/count1_carry__0/CO[0]
                         net (fo=11, routed)          0.837     8.386    exp2_i/clk_mgnmnt_0/inst/count1_carry__0_n_3
    SLICE_X62Y32         LUT4 (Prop_lut4_I3_O)        0.373     8.759 r  exp2_i/clk_mgnmnt_0/inst/count[2]_i_1/O
                         net (fo=1, routed)           0.000     8.759    exp2_i/clk_mgnmnt_0/inst/count[2]_i_1_n_0
    SLICE_X62Y32         FDCE                                         r  exp2_i/clk_mgnmnt_0/inst/count_reg[2]/D
  -------------------------------------------------------------------    -------------------

                         (clock sys_clk_pin rise edge)
                                                     10.000    10.000 r  
    W5                                                0.000    10.000 r  clk (IN)
                         net (fo=0)                   0.000    10.000    clk
    W5                   IBUF (Prop_ibuf_I_O)         1.388    11.388 r  clk_IBUF_inst/O
                         net (fo=1, routed)           1.862    13.250    clk_IBUF
    BUFGCTRL_X0Y0        BUFG (Prop_bufg_I_O)         0.091    13.341 r  clk_IBUF_BUFG_inst/O
                         net (fo=73, routed)          1.511    14.852    exp2_i/clk_mgnmnt_0/inst/clk
    SLICE_X62Y32         FDCE                                         r  exp2_i/clk_mgnmnt_0/inst/count_reg[2]/C
                         clock pessimism              0.298    15.150    
                         clock uncertainty           -0.035    15.115    
    SLICE_X62Y32         FDCE (Setup_fdce_C_D)        0.031    15.146    exp2_i/clk_mgnmnt_0/inst/count_reg[2]
  -------------------------------------------------------------------
                         required time                         15.146    
                         arrival time                          -8.759    
  -------------------------------------------------------------------
                         slack                                  6.387    

Slack (MET) :             6.391ns  (required time - arrival time)
  Source:                 exp2_i/clk_mgnmnt_0/inst/count_reg[3]/C
                            (rising edge-triggered cell FDCE clocked by sys_clk_pin  {rise@0.000ns fall@5.000ns period=10.000ns})
  Destination:            exp2_i/clk_mgnmnt_0/inst/count_reg[8]/D
                            (rising edge-triggered cell FDCE clocked by sys_clk_pin  {rise@0.000ns fall@5.000ns period=10.000ns})
  Path Group:             sys_clk_pin
  Path Type:              Setup (Max at Slow Process Corner)
  Requirement:            10.000ns  (sys_clk_pin rise@10.000ns - sys_clk_pin rise@0.000ns)
  Data Path Delay:        3.627ns  (logic 1.937ns (53.410%)  route 1.690ns (46.590%))
  Logic Levels:           4  (CARRY4=2 LUT3=1 LUT5=1)
  Clock Path Skew:        -0.022ns (DCD - SCD + CPR)
    Destination Clock Delay (DCD):    4.852ns = ( 14.852 - 10.000 ) 
    Source Clock Delay      (SCD):    5.150ns
    Clock Pessimism Removal (CPR):    0.276ns
  Clock Uncertainty:      0.035ns  ((TSJ^2 + TIJ^2)^1/2 + DJ) / 2 + PE
    Total System Jitter     (TSJ):    0.071ns
    Total Input Jitter      (TIJ):    0.000ns
    Discrete Jitter          (DJ):    0.000ns
    Phase Error              (PE):    0.000ns

    Location             Delay type                Incr(ns)  Path(ns)    Netlist Resource(s)
  -------------------------------------------------------------------    -------------------
                         (clock sys_clk_pin rise edge)
                                                      0.000     0.000 r  
    W5                                                0.000     0.000 r  clk (IN)
                         net (fo=0)                   0.000     0.000    clk
    W5                   IBUF (Prop_ibuf_I_O)         1.458     1.458 r  clk_IBUF_inst/O
                         net (fo=1, routed)           1.967     3.425    clk_IBUF
    BUFGCTRL_X0Y0        BUFG (Prop_bufg_I_O)         0.096     3.521 r  clk_IBUF_BUFG_inst/O
                         net (fo=73, routed)          1.629     5.150    exp2_i/clk_mgnmnt_0/inst/clk
    SLICE_X62Y32         FDCE                                         r  exp2_i/clk_mgnmnt_0/inst/count_reg[3]/C
  -------------------------------------------------------------------    -------------------
    SLICE_X62Y32         FDCE (Prop_fdce_C_Q)         0.419     5.569 r  exp2_i/clk_mgnmnt_0/inst/count_reg[3]/Q
                         net (fo=6, routed)           0.863     6.432    exp2_i/clk_mgnmnt_0/inst/count_reg[3]
    SLICE_X63Y33         LUT3 (Prop_lut3_I0_O)        0.296     6.728 r  exp2_i/clk_mgnmnt_0/inst/count1_carry_i_7/O
                         net (fo=1, routed)           0.000     6.728    exp2_i/clk_mgnmnt_0/inst/count1_carry_i_7_n_0
    SLICE_X63Y33         CARRY4 (Prop_carry4_S[1]_CO[3])
                                                      0.550     7.278 r  exp2_i/clk_mgnmnt_0/inst/count1_carry/CO[3]
                         net (fo=1, routed)           0.000     7.278    exp2_i/clk_mgnmnt_0/inst/count1_carry_n_0
    SLICE_X63Y34         CARRY4 (Prop_carry4_CI_CO[0])
                                                      0.271     7.549 f  exp2_i/clk_mgnmnt_0/inst/count1_carry__0/CO[0]
                         net (fo=11, routed)          0.827     8.376    exp2_i/clk_mgnmnt_0/inst/count1_carry__0_n_3
    SLICE_X63Y32         LUT5 (Prop_lut5_I4_O)        0.401     8.777 r  exp2_i/clk_mgnmnt_0/inst/count[8]_i_1/O
                         net (fo=1, routed)           0.000     8.777    exp2_i/clk_mgnmnt_0/inst/count[8]_i_1_n_0
    SLICE_X63Y32         FDCE                                         r  exp2_i/clk_mgnmnt_0/inst/count_reg[8]/D
  -------------------------------------------------------------------    -------------------

                         (clock sys_clk_pin rise edge)
                                                     10.000    10.000 r  
    W5                                                0.000    10.000 r  clk (IN)
                         net (fo=0)                   0.000    10.000    clk
    W5                   IBUF (Prop_ibuf_I_O)         1.388    11.388 r  clk_IBUF_inst/O
                         net (fo=1, routed)           1.862    13.250    clk_IBUF
    BUFGCTRL_X0Y0        BUFG (Prop_bufg_I_O)         0.091    13.341 r  clk_IBUF_BUFG_inst/O
                         net (fo=73, routed)          1.511    14.852    exp2_i/clk_mgnmnt_0/inst/clk
    SLICE_X63Y32         FDCE                                         r  exp2_i/clk_mgnmnt_0/inst/count_reg[8]/C
                         clock pessimism              0.276    15.128    
                         clock uncertainty           -0.035    15.093    
    SLICE_X63Y32         FDCE (Setup_fdce_C_D)        0.075    15.168    exp2_i/clk_mgnmnt_0/inst/count_reg[8]
  -------------------------------------------------------------------
                         required time                         15.168    
                         arrival time                          -8.777    
  -------------------------------------------------------------------
                         slack                                  6.391    

Slack (MET) :             6.394ns  (required time - arrival time)
  Source:                 exp2_i/clk_mgnmnt_0/inst/count_reg[3]/C
                            (rising edge-triggered cell FDCE clocked by sys_clk_pin  {rise@0.000ns fall@5.000ns period=10.000ns})
  Destination:            exp2_i/clk_mgnmnt_0/inst/count_reg[1]/D
                            (rising edge-triggered cell FDCE clocked by sys_clk_pin  {rise@0.000ns fall@5.000ns period=10.000ns})
  Path Group:             sys_clk_pin
  Path Type:              Setup (Max at Slow Process Corner)
  Requirement:            10.000ns  (sys_clk_pin rise@10.000ns - sys_clk_pin rise@0.000ns)
  Data Path Delay:        3.646ns  (logic 1.935ns (53.078%)  route 1.711ns (46.922%))
  Logic Levels:           4  (CARRY4=2 LUT3=2)
  Clock Path Skew:        0.000ns (DCD - SCD + CPR)
    Destination Clock Delay (DCD):    4.852ns = ( 14.852 - 10.000 ) 
    Source Clock Delay      (SCD):    5.150ns
    Clock Pessimism Removal (CPR):    0.298ns
  Clock Uncertainty:      0.035ns  ((TSJ^2 + TIJ^2)^1/2 + DJ) / 2 + PE
    Total System Jitter     (TSJ):    0.071ns
    Total Input Jitter      (TIJ):    0.000ns
    Discrete Jitter          (DJ):    0.000ns
    Phase Error              (PE):    0.000ns

    Location             Delay type                Incr(ns)  Path(ns)    Netlist Resource(s)
  -------------------------------------------------------------------    -------------------
                         (clock sys_clk_pin rise edge)
                                                      0.000     0.000 r  
    W5                                                0.000     0.000 r  clk (IN)
                         net (fo=0)                   0.000     0.000    clk
    W5                   IBUF (Prop_ibuf_I_O)         1.458     1.458 r  clk_IBUF_inst/O
                         net (fo=1, routed)           1.967     3.425    clk_IBUF
    BUFGCTRL_X0Y0        BUFG (Prop_bufg_I_O)         0.096     3.521 r  clk_IBUF_BUFG_inst/O
                         net (fo=73, routed)          1.629     5.150    exp2_i/clk_mgnmnt_0/inst/clk
    SLICE_X62Y32         FDCE                                         r  exp2_i/clk_mgnmnt_0/inst/count_reg[3]/C
  -------------------------------------------------------------------    -------------------
    SLICE_X62Y32         FDCE (Prop_fdce_C_Q)         0.419     5.569 r  exp2_i/clk_mgnmnt_0/inst/count_reg[3]/Q
                         net (fo=6, routed)           0.863     6.432    exp2_i/clk_mgnmnt_0/inst/count_reg[3]
    SLICE_X63Y33         LUT3 (Prop_lut3_I0_O)        0.296     6.728 r  exp2_i/clk_mgnmnt_0/inst/count1_carry_i_7/O
                         net (fo=1, routed)           0.000     6.728    exp2_i/clk_mgnmnt_0/inst/count1_carry_i_7_n_0
    SLICE_X63Y33         CARRY4 (Prop_carry4_S[1]_CO[3])
                                                      0.550     7.278 r  exp2_i/clk_mgnmnt_0/inst/count1_carry/CO[3]
                         net (fo=1, routed)           0.000     7.278    exp2_i/clk_mgnmnt_0/inst/count1_carry_n_0
    SLICE_X63Y34         CARRY4 (Prop_carry4_CI_CO[0])
                                                      0.271     7.549 f  exp2_i/clk_mgnmnt_0/inst/count1_carry__0/CO[0]
                         net (fo=11, routed)          0.848     8.397    exp2_i/clk_mgnmnt_0/inst/count1_carry__0_n_3
    SLICE_X62Y32         LUT3 (Prop_lut3_I2_O)        0.399     8.796 r  exp2_i/clk_mgnmnt_0/inst/count[1]_i_1/O
                         net (fo=1, routed)           0.000     8.796    exp2_i/clk_mgnmnt_0/inst/count[1]_i_1_n_0
    SLICE_X62Y32         FDCE                                         r  exp2_i/clk_mgnmnt_0/inst/count_reg[1]/D
  -------------------------------------------------------------------    -------------------

                         (clock sys_clk_pin rise edge)
                                                     10.000    10.000 r  
    W5                                                0.000    10.000 r  clk (IN)
                         net (fo=0)                   0.000    10.000    clk
    W5                   IBUF (Prop_ibuf_I_O)         1.388    11.388 r  clk_IBUF_inst/O
                         net (fo=1, routed)           1.862    13.250    clk_IBUF
    BUFGCTRL_X0Y0        BUFG (Prop_bufg_I_O)         0.091    13.341 r  clk_IBUF_BUFG_inst/O
                         net (fo=73, routed)          1.511    14.852    exp2_i/clk_mgnmnt_0/inst/clk
    SLICE_X62Y32         FDCE                                         r  exp2_i/clk_mgnmnt_0/inst/count_reg[1]/C
                         clock pessimism              0.298    15.150    
                         clock uncertainty           -0.035    15.115    
    SLICE_X62Y32         FDCE (Setup_fdce_C_D)        0.075    15.190    exp2_i/clk_mgnmnt_0/inst/count_reg[1]
  -------------------------------------------------------------------
                         required time                         15.190    
                         arrival time                          -8.796    
  -------------------------------------------------------------------
                         slack                                  6.394    

Slack (MET) :             6.405ns  (required time - arrival time)
  Source:                 exp2_i/clk_mgnmnt_0/inst/count_reg[3]/C
                            (rising edge-triggered cell FDCE clocked by sys_clk_pin  {rise@0.000ns fall@5.000ns period=10.000ns})
  Destination:            exp2_i/clk_mgnmnt_0/inst/count_reg[3]/D
                            (rising edge-triggered cell FDCE clocked by sys_clk_pin  {rise@0.000ns fall@5.000ns period=10.000ns})
  Path Group:             sys_clk_pin
  Path Type:              Setup (Max at Slow Process Corner)
  Requirement:            10.000ns  (sys_clk_pin rise@10.000ns - sys_clk_pin rise@0.000ns)
  Data Path Delay:        3.634ns  (logic 1.935ns (53.241%)  route 1.699ns (46.759%))
  Logic Levels:           4  (CARRY4=2 LUT3=1 LUT5=1)
  Clock Path Skew:        0.000ns (DCD - SCD + CPR)
    Destination Clock Delay (DCD):    4.852ns = ( 14.852 - 10.000 ) 
    Source Clock Delay      (SCD):    5.150ns
    Clock Pessimism Removal (CPR):    0.298ns
  Clock Uncertainty:      0.035ns  ((TSJ^2 + TIJ^2)^1/2 + DJ) / 2 + PE
    Total System Jitter     (TSJ):    0.071ns
    Total Input Jitter      (TIJ):    0.000ns
    Discrete Jitter          (DJ):    0.000ns
    Phase Error              (PE):    0.000ns

    Location             Delay type                Incr(ns)  Path(ns)    Netlist Resource(s)
  -------------------------------------------------------------------    -------------------
                         (clock sys_clk_pin rise edge)
                                                      0.000     0.000 r  
    W5                                                0.000     0.000 r  clk (IN)
                         net (fo=0)                   0.000     0.000    clk
    W5                   IBUF (Prop_ibuf_I_O)         1.458     1.458 r  clk_IBUF_inst/O
                         net (fo=1, routed)           1.967     3.425    clk_IBUF
    BUFGCTRL_X0Y0        BUFG (Prop_bufg_I_O)         0.096     3.521 r  clk_IBUF_BUFG_inst/O
                         net (fo=73, routed)          1.629     5.150    exp2_i/clk_mgnmnt_0/inst/clk
    SLICE_X62Y32         FDCE                                         r  exp2_i/clk_mgnmnt_0/inst/count_reg[3]/C
  -------------------------------------------------------------------    -------------------
    SLICE_X62Y32         FDCE (Prop_fdce_C_Q)         0.419     5.569 r  exp2_i/clk_mgnmnt_0/inst/count_reg[3]/Q
                         net (fo=6, routed)           0.863     6.432    exp2_i/clk_mgnmnt_0/inst/count_reg[3]
    SLICE_X63Y33         LUT3 (Prop_lut3_I0_O)        0.296     6.728 r  exp2_i/clk_mgnmnt_0/inst/count1_carry_i_7/O
                         net (fo=1, routed)           0.000     6.728    exp2_i/clk_mgnmnt_0/inst/count1_carry_i_7_n_0
    SLICE_X63Y33         CARRY4 (Prop_carry4_S[1]_CO[3])
                                                      0.550     7.278 r  exp2_i/clk_mgnmnt_0/inst/count1_carry/CO[3]
                         net (fo=1, routed)           0.000     7.278    exp2_i/clk_mgnmnt_0/inst/count1_carry_n_0
    SLICE_X63Y34         CARRY4 (Prop_carry4_CI_CO[0])
                                                      0.271     7.549 f  exp2_i/clk_mgnmnt_0/inst/count1_carry__0/CO[0]
                         net (fo=11, routed)          0.837     8.386    exp2_i/clk_mgnmnt_0/inst/count1_carry__0_n_3
    SLICE_X62Y32         LUT5 (Prop_lut5_I4_O)        0.399     8.785 r  exp2_i/clk_mgnmnt_0/inst/count[3]_i_1/O
                         net (fo=1, routed)           0.000     8.785    exp2_i/clk_mgnmnt_0/inst/count[3]_i_1_n_0
    SLICE_X62Y32         FDCE                                         r  exp2_i/clk_mgnmnt_0/inst/count_reg[3]/D
  -------------------------------------------------------------------    -------------------

                         (clock sys_clk_pin rise edge)
                                                     10.000    10.000 r  
    W5                                                0.000    10.000 r  clk (IN)
                         net (fo=0)                   0.000    10.000    clk
    W5                   IBUF (Prop_ibuf_I_O)         1.388    11.388 r  clk_IBUF_inst/O
                         net (fo=1, routed)           1.862    13.250    clk_IBUF
    BUFGCTRL_X0Y0        BUFG (Prop_bufg_I_O)         0.091    13.341 r  clk_IBUF_BUFG_inst/O
                         net (fo=73, routed)          1.511    14.852    exp2_i/clk_mgnmnt_0/inst/clk
    SLICE_X62Y32         FDCE                                         r  exp2_i/clk_mgnmnt_0/inst/count_reg[3]/C
                         clock pessimism              0.298    15.150    
                         clock uncertainty           -0.035    15.115    
    SLICE_X62Y32         FDCE (Setup_fdce_C_D)        0.075    15.190    exp2_i/clk_mgnmnt_0/inst/count_reg[3]
  -------------------------------------------------------------------
                         required time                         15.190    
                         arrival time                          -8.785    
  -------------------------------------------------------------------
                         slack                                  6.405    

Slack (MET) :             6.464ns  (required time - arrival time)
  Source:                 exp2_i/modular_clk_div_1/inst/clk_div_reg/C
                            (rising edge-triggered cell FDCE clocked by sys_clk_pin  {rise@0.000ns fall@5.000ns period=10.000ns})
  Destination:            exp2_i/uart_rx_0/inst/cuenta_bit_reg[0]/CE
                            (rising edge-triggered cell FDRE clocked by sys_clk_pin  {rise@0.000ns fall@5.000ns period=10.000ns})
  Path Group:             sys_clk_pin
  Path Type:              Setup (Max at Slow Process Corner)
  Requirement:            10.000ns  (sys_clk_pin rise@10.000ns - sys_clk_pin rise@0.000ns)
  Data Path Delay:        3.306ns  (logic 0.938ns (28.375%)  route 2.368ns (71.625%))
  Logic Levels:           2  (LUT2=1 LUT6=1)
  Clock Path Skew:        -0.026ns (DCD - SCD + CPR)
    Destination Clock Delay (DCD):    4.855ns = ( 14.855 - 10.000 ) 
    Source Clock Delay      (SCD):    5.141ns
    Clock Pessimism Removal (CPR):    0.260ns
  Clock Uncertainty:      0.035ns  ((TSJ^2 + TIJ^2)^1/2 + DJ) / 2 + PE
    Total System Jitter     (TSJ):    0.071ns
    Total Input Jitter      (TIJ):    0.000ns
    Discrete Jitter          (DJ):    0.000ns
    Phase Error              (PE):    0.000ns

    Location             Delay type                Incr(ns)  Path(ns)    Netlist Resource(s)
  -------------------------------------------------------------------    -------------------
                         (clock sys_clk_pin rise edge)
                                                      0.000     0.000 r  
    W5                                                0.000     0.000 r  clk (IN)
                         net (fo=0)                   0.000     0.000    clk
    W5                   IBUF (Prop_ibuf_I_O)         1.458     1.458 r  clk_IBUF_inst/O
                         net (fo=1, routed)           1.967     3.425    clk_IBUF
    BUFGCTRL_X0Y0        BUFG (Prop_bufg_I_O)         0.096     3.521 r  clk_IBUF_BUFG_inst/O
                         net (fo=73, routed)          1.620     5.141    exp2_i/modular_clk_div_1/inst/clk
    SLICE_X59Y22         FDCE                                         r  exp2_i/modular_clk_div_1/inst/clk_div_reg/C
  -------------------------------------------------------------------    -------------------
    SLICE_X59Y22         FDCE (Prop_fdce_C_Q)         0.456     5.597 r  exp2_i/modular_clk_div_1/inst/clk_div_reg/Q
                         net (fo=4, routed)           1.349     6.946    exp2_i/uart_rx_0/inst/clk_uart
    SLICE_X58Y37         LUT2 (Prop_lut2_I0_O)        0.150     7.096 r  exp2_i/uart_rx_0/inst/FSM_sequential_state[2]_i_2/O
                         net (fo=4, routed)           0.539     7.635    exp2_i/uart_rx_0/inst/FSM_sequential_state[2]_i_2_n_0
    SLICE_X59Y37         LUT6 (Prop_lut6_I4_O)        0.332     7.967 r  exp2_i/uart_rx_0/inst/cuenta_bit[3]_i_1/O
                         net (fo=4, routed)           0.480     8.447    exp2_i/uart_rx_0/inst/cuenta_bit
    SLICE_X60Y37         FDRE                                         r  exp2_i/uart_rx_0/inst/cuenta_bit_reg[0]/CE
  -------------------------------------------------------------------    -------------------

                         (clock sys_clk_pin rise edge)
                                                     10.000    10.000 r  
    W5                                                0.000    10.000 r  clk (IN)
                         net (fo=0)                   0.000    10.000    clk
    W5                   IBUF (Prop_ibuf_I_O)         1.388    11.388 r  clk_IBUF_inst/O
                         net (fo=1, routed)           1.862    13.250    clk_IBUF
    BUFGCTRL_X0Y0        BUFG (Prop_bufg_I_O)         0.091    13.341 r  clk_IBUF_BUFG_inst/O
                         net (fo=73, routed)          1.514    14.855    exp2_i/uart_rx_0/inst/clk
    SLICE_X60Y37         FDRE                                         r  exp2_i/uart_rx_0/inst/cuenta_bit_reg[0]/C
                         clock pessimism              0.260    15.115    
                         clock uncertainty           -0.035    15.080    
    SLICE_X60Y37         FDRE (Setup_fdre_C_CE)      -0.169    14.911    exp2_i/uart_rx_0/inst/cuenta_bit_reg[0]
  -------------------------------------------------------------------
                         required time                         14.911    
                         arrival time                          -8.447    
  -------------------------------------------------------------------
                         slack                                  6.464    

Slack (MET) :             6.464ns  (required time - arrival time)
  Source:                 exp2_i/modular_clk_div_1/inst/clk_div_reg/C
                            (rising edge-triggered cell FDCE clocked by sys_clk_pin  {rise@0.000ns fall@5.000ns period=10.000ns})
  Destination:            exp2_i/uart_rx_0/inst/cuenta_bit_reg[1]/CE
                            (rising edge-triggered cell FDRE clocked by sys_clk_pin  {rise@0.000ns fall@5.000ns period=10.000ns})
  Path Group:             sys_clk_pin
  Path Type:              Setup (Max at Slow Process Corner)
  Requirement:            10.000ns  (sys_clk_pin rise@10.000ns - sys_clk_pin rise@0.000ns)
  Data Path Delay:        3.306ns  (logic 0.938ns (28.375%)  route 2.368ns (71.625%))
  Logic Levels:           2  (LUT2=1 LUT6=1)
  Clock Path Skew:        -0.026ns (DCD - SCD + CPR)
    Destination Clock Delay (DCD):    4.855ns = ( 14.855 - 10.000 ) 
    Source Clock Delay      (SCD):    5.141ns
    Clock Pessimism Removal (CPR):    0.260ns
  Clock Uncertainty:      0.035ns  ((TSJ^2 + TIJ^2)^1/2 + DJ) / 2 + PE
    Total System Jitter     (TSJ):    0.071ns
    Total Input Jitter      (TIJ):    0.000ns
    Discrete Jitter          (DJ):    0.000ns
    Phase Error              (PE):    0.000ns

    Location             Delay type                Incr(ns)  Path(ns)    Netlist Resource(s)
  -------------------------------------------------------------------    -------------------
                         (clock sys_clk_pin rise edge)
                                                      0.000     0.000 r  
    W5                                                0.000     0.000 r  clk (IN)
                         net (fo=0)                   0.000     0.000    clk
    W5                   IBUF (Prop_ibuf_I_O)         1.458     1.458 r  clk_IBUF_inst/O
                         net (fo=1, routed)           1.967     3.425    clk_IBUF
    BUFGCTRL_X0Y0        BUFG (Prop_bufg_I_O)         0.096     3.521 r  clk_IBUF_BUFG_inst/O
                         net (fo=73, routed)          1.620     5.141    exp2_i/modular_clk_div_1/inst/clk
    SLICE_X59Y22         FDCE                                         r  exp2_i/modular_clk_div_1/inst/clk_div_reg/C
  -------------------------------------------------------------------    -------------------
    SLICE_X59Y22         FDCE (Prop_fdce_C_Q)         0.456     5.597 r  exp2_i/modular_clk_div_1/inst/clk_div_reg/Q
                         net (fo=4, routed)           1.349     6.946    exp2_i/uart_rx_0/inst/clk_uart
    SLICE_X58Y37         LUT2 (Prop_lut2_I0_O)        0.150     7.096 r  exp2_i/uart_rx_0/inst/FSM_sequential_state[2]_i_2/O
                         net (fo=4, routed)           0.539     7.635    exp2_i/uart_rx_0/inst/FSM_sequential_state[2]_i_2_n_0
    SLICE_X59Y37         LUT6 (Prop_lut6_I4_O)        0.332     7.967 r  exp2_i/uart_rx_0/inst/cuenta_bit[3]_i_1/O
                         net (fo=4, routed)           0.480     8.447    exp2_i/uart_rx_0/inst/cuenta_bit
    SLICE_X60Y37         FDRE                                         r  exp2_i/uart_rx_0/inst/cuenta_bit_reg[1]/CE
  -------------------------------------------------------------------    -------------------

                         (clock sys_clk_pin rise edge)
                                                     10.000    10.000 r  
    W5                                                0.000    10.000 r  clk (IN)
                         net (fo=0)                   0.000    10.000    clk
    W5                   IBUF (Prop_ibuf_I_O)         1.388    11.388 r  clk_IBUF_inst/O
                         net (fo=1, routed)           1.862    13.250    clk_IBUF
    BUFGCTRL_X0Y0        BUFG (Prop_bufg_I_O)         0.091    13.341 r  clk_IBUF_BUFG_inst/O
                         net (fo=73, routed)          1.514    14.855    exp2_i/uart_rx_0/inst/clk
    SLICE_X60Y37         FDRE                                         r  exp2_i/uart_rx_0/inst/cuenta_bit_reg[1]/C
                         clock pessimism              0.260    15.115    
                         clock uncertainty           -0.035    15.080    
    SLICE_X60Y37         FDRE (Setup_fdre_C_CE)      -0.169    14.911    exp2_i/uart_rx_0/inst/cuenta_bit_reg[1]
  -------------------------------------------------------------------
                         required time                         14.911    
                         arrival time                          -8.447    
  -------------------------------------------------------------------
                         slack                                  6.464    

Slack (MET) :             6.464ns  (required time - arrival time)
  Source:                 exp2_i/modular_clk_div_1/inst/clk_div_reg/C
                            (rising edge-triggered cell FDCE clocked by sys_clk_pin  {rise@0.000ns fall@5.000ns period=10.000ns})
  Destination:            exp2_i/uart_rx_0/inst/cuenta_bit_reg[2]/CE
                            (rising edge-triggered cell FDRE clocked by sys_clk_pin  {rise@0.000ns fall@5.000ns period=10.000ns})
  Path Group:             sys_clk_pin
  Path Type:              Setup (Max at Slow Process Corner)
  Requirement:            10.000ns  (sys_clk_pin rise@10.000ns - sys_clk_pin rise@0.000ns)
  Data Path Delay:        3.306ns  (logic 0.938ns (28.375%)  route 2.368ns (71.625%))
  Logic Levels:           2  (LUT2=1 LUT6=1)
  Clock Path Skew:        -0.026ns (DCD - SCD + CPR)
    Destination Clock Delay (DCD):    4.855ns = ( 14.855 - 10.000 ) 
    Source Clock Delay      (SCD):    5.141ns
    Clock Pessimism Removal (CPR):    0.260ns
  Clock Uncertainty:      0.035ns  ((TSJ^2 + TIJ^2)^1/2 + DJ) / 2 + PE
    Total System Jitter     (TSJ):    0.071ns
    Total Input Jitter      (TIJ):    0.000ns
    Discrete Jitter          (DJ):    0.000ns
    Phase Error              (PE):    0.000ns

    Location             Delay type                Incr(ns)  Path(ns)    Netlist Resource(s)
  -------------------------------------------------------------------    -------------------
                         (clock sys_clk_pin rise edge)
                                                      0.000     0.000 r  
    W5                                                0.000     0.000 r  clk (IN)
                         net (fo=0)                   0.000     0.000    clk
    W5                   IBUF (Prop_ibuf_I_O)         1.458     1.458 r  clk_IBUF_inst/O
                         net (fo=1, routed)           1.967     3.425    clk_IBUF
    BUFGCTRL_X0Y0        BUFG (Prop_bufg_I_O)         0.096     3.521 r  clk_IBUF_BUFG_inst/O
                         net (fo=73, routed)          1.620     5.141    exp2_i/modular_clk_div_1/inst/clk
    SLICE_X59Y22         FDCE                                         r  exp2_i/modular_clk_div_1/inst/clk_div_reg/C
  -------------------------------------------------------------------    -------------------
    SLICE_X59Y22         FDCE (Prop_fdce_C_Q)         0.456     5.597 r  exp2_i/modular_clk_div_1/inst/clk_div_reg/Q
                         net (fo=4, routed)           1.349     6.946    exp2_i/uart_rx_0/inst/clk_uart
    SLICE_X58Y37         LUT2 (Prop_lut2_I0_O)        0.150     7.096 r  exp2_i/uart_rx_0/inst/FSM_sequential_state[2]_i_2/O
                         net (fo=4, routed)           0.539     7.635    exp2_i/uart_rx_0/inst/FSM_sequential_state[2]_i_2_n_0
    SLICE_X59Y37         LUT6 (Prop_lut6_I4_O)        0.332     7.967 r  exp2_i/uart_rx_0/inst/cuenta_bit[3]_i_1/O
                         net (fo=4, routed)           0.480     8.447    exp2_i/uart_rx_0/inst/cuenta_bit
    SLICE_X60Y37         FDRE                                         r  exp2_i/uart_rx_0/inst/cuenta_bit_reg[2]/CE
  -------------------------------------------------------------------    -------------------

                         (clock sys_clk_pin rise edge)
                                                     10.000    10.000 r  
    W5                                                0.000    10.000 r  clk (IN)
                         net (fo=0)                   0.000    10.000    clk
    W5                   IBUF (Prop_ibuf_I_O)         1.388    11.388 r  clk_IBUF_inst/O
                         net (fo=1, routed)           1.862    13.250    clk_IBUF
    BUFGCTRL_X0Y0        BUFG (Prop_bufg_I_O)         0.091    13.341 r  clk_IBUF_BUFG_inst/O
                         net (fo=73, routed)          1.514    14.855    exp2_i/uart_rx_0/inst/clk
    SLICE_X60Y37         FDRE                                         r  exp2_i/uart_rx_0/inst/cuenta_bit_reg[2]/C
                         clock pessimism              0.260    15.115    
                         clock uncertainty           -0.035    15.080    
    SLICE_X60Y37         FDRE (Setup_fdre_C_CE)      -0.169    14.911    exp2_i/uart_rx_0/inst/cuenta_bit_reg[2]
  -------------------------------------------------------------------
                         required time                         14.911    
                         arrival time                          -8.447    
  -------------------------------------------------------------------
                         slack                                  6.464    

Slack (MET) :             6.464ns  (required time - arrival time)
  Source:                 exp2_i/modular_clk_div_1/inst/clk_div_reg/C
                            (rising edge-triggered cell FDCE clocked by sys_clk_pin  {rise@0.000ns fall@5.000ns period=10.000ns})
  Destination:            exp2_i/uart_rx_0/inst/cuenta_bit_reg[3]/CE
                            (rising edge-triggered cell FDRE clocked by sys_clk_pin  {rise@0.000ns fall@5.000ns period=10.000ns})
  Path Group:             sys_clk_pin
  Path Type:              Setup (Max at Slow Process Corner)
  Requirement:            10.000ns  (sys_clk_pin rise@10.000ns - sys_clk_pin rise@0.000ns)
  Data Path Delay:        3.306ns  (logic 0.938ns (28.375%)  route 2.368ns (71.625%))
  Logic Levels:           2  (LUT2=1 LUT6=1)
  Clock Path Skew:        -0.026ns (DCD - SCD + CPR)
    Destination Clock Delay (DCD):    4.855ns = ( 14.855 - 10.000 ) 
    Source Clock Delay      (SCD):    5.141ns
    Clock Pessimism Removal (CPR):    0.260ns
  Clock Uncertainty:      0.035ns  ((TSJ^2 + TIJ^2)^1/2 + DJ) / 2 + PE
    Total System Jitter     (TSJ):    0.071ns
    Total Input Jitter      (TIJ):    0.000ns
    Discrete Jitter          (DJ):    0.000ns
    Phase Error              (PE):    0.000ns

    Location             Delay type                Incr(ns)  Path(ns)    Netlist Resource(s)
  -------------------------------------------------------------------    -------------------
                         (clock sys_clk_pin rise edge)
                                                      0.000     0.000 r  
    W5                                                0.000     0.000 r  clk (IN)
                         net (fo=0)                   0.000     0.000    clk
    W5                   IBUF (Prop_ibuf_I_O)         1.458     1.458 r  clk_IBUF_inst/O
                         net (fo=1, routed)           1.967     3.425    clk_IBUF
    BUFGCTRL_X0Y0        BUFG (Prop_bufg_I_O)         0.096     3.521 r  clk_IBUF_BUFG_inst/O
                         net (fo=73, routed)          1.620     5.141    exp2_i/modular_clk_div_1/inst/clk
    SLICE_X59Y22         FDCE                                         r  exp2_i/modular_clk_div_1/inst/clk_div_reg/C
  -------------------------------------------------------------------    -------------------
    SLICE_X59Y22         FDCE (Prop_fdce_C_Q)         0.456     5.597 r  exp2_i/modular_clk_div_1/inst/clk_div_reg/Q
                         net (fo=4, routed)           1.349     6.946    exp2_i/uart_rx_0/inst/clk_uart
    SLICE_X58Y37         LUT2 (Prop_lut2_I0_O)        0.150     7.096 r  exp2_i/uart_rx_0/inst/FSM_sequential_state[2]_i_2/O
                         net (fo=4, routed)           0.539     7.635    exp2_i/uart_rx_0/inst/FSM_sequential_state[2]_i_2_n_0
    SLICE_X59Y37         LUT6 (Prop_lut6_I4_O)        0.332     7.967 r  exp2_i/uart_rx_0/inst/cuenta_bit[3]_i_1/O
                         net (fo=4, routed)           0.480     8.447    exp2_i/uart_rx_0/inst/cuenta_bit
    SLICE_X60Y37         FDRE                                         r  exp2_i/uart_rx_0/inst/cuenta_bit_reg[3]/CE
  -------------------------------------------------------------------    -------------------

                         (clock sys_clk_pin rise edge)
                                                     10.000    10.000 r  
    W5                                                0.000    10.000 r  clk (IN)
                         net (fo=0)                   0.000    10.000    clk
    W5                   IBUF (Prop_ibuf_I_O)         1.388    11.388 r  clk_IBUF_inst/O
                         net (fo=1, routed)           1.862    13.250    clk_IBUF
    BUFGCTRL_X0Y0        BUFG (Prop_bufg_I_O)         0.091    13.341 r  clk_IBUF_BUFG_inst/O
                         net (fo=73, routed)          1.514    14.855    exp2_i/uart_rx_0/inst/clk
    SLICE_X60Y37         FDRE                                         r  exp2_i/uart_rx_0/inst/cuenta_bit_reg[3]/C
                         clock pessimism              0.260    15.115    
                         clock uncertainty           -0.035    15.080    
    SLICE_X60Y37         FDRE (Setup_fdre_C_CE)      -0.169    14.911    exp2_i/uart_rx_0/inst/cuenta_bit_reg[3]
  -------------------------------------------------------------------
                         required time                         14.911    
                         arrival time                          -8.447    
  -------------------------------------------------------------------
                         slack                                  6.464    





Min Delay Paths
--------------------------------------------------------------------------------------
Slack (MET) :             0.176ns  (arrival time - required time)
  Source:                 exp2_i/uart_rx_0/inst/mensaje_reg[4]/C
                            (rising edge-triggered cell FDRE clocked by sys_clk_pin  {rise@0.000ns fall@5.000ns period=10.000ns})
  Destination:            exp2_i/uart_rx_0/inst/msg_reg[4]/D
                            (rising edge-triggered cell FDRE clocked by sys_clk_pin  {rise@0.000ns fall@5.000ns period=10.000ns})
  Path Group:             sys_clk_pin
  Path Type:              Hold (Min at Fast Process Corner)
  Requirement:            0.000ns  (sys_clk_pin rise@0.000ns - sys_clk_pin rise@0.000ns)
  Data Path Delay:        0.259ns  (logic 0.141ns (54.442%)  route 0.118ns (45.558%))
  Logic Levels:           0  
  Clock Path Skew:        0.013ns (DCD - SCD - CPR)
    Destination Clock Delay (DCD):    1.986ns
    Source Clock Delay      (SCD):    1.473ns
    Clock Pessimism Removal (CPR):    0.500ns

    Location             Delay type                Incr(ns)  Path(ns)    Netlist Resource(s)
  -------------------------------------------------------------------    -------------------
                         (clock sys_clk_pin rise edge)
                                                      0.000     0.000 r  
    W5                                                0.000     0.000 r  clk (IN)
                         net (fo=0)                   0.000     0.000    clk
    W5                   IBUF (Prop_ibuf_I_O)         0.226     0.226 r  clk_IBUF_inst/O
                         net (fo=1, routed)           0.631     0.858    clk_IBUF
    BUFGCTRL_X0Y0        BUFG (Prop_bufg_I_O)         0.026     0.884 r  clk_IBUF_BUFG_inst/O
                         net (fo=73, routed)          0.590     1.473    exp2_i/uart_rx_0/inst/clk
    SLICE_X58Y36         FDRE                                         r  exp2_i/uart_rx_0/inst/mensaje_reg[4]/C
  -------------------------------------------------------------------    -------------------
    SLICE_X58Y36         FDRE (Prop_fdre_C_Q)         0.141     1.614 r  exp2_i/uart_rx_0/inst/mensaje_reg[4]/Q
                         net (fo=2, routed)           0.118     1.732    exp2_i/uart_rx_0/inst/p_0_in[3]
    SLICE_X59Y36         FDRE                                         r  exp2_i/uart_rx_0/inst/msg_reg[4]/D
  -------------------------------------------------------------------    -------------------

                         (clock sys_clk_pin rise edge)
                                                      0.000     0.000 r  
    W5                                                0.000     0.000 r  clk (IN)
                         net (fo=0)                   0.000     0.000    clk
    W5                   IBUF (Prop_ibuf_I_O)         0.414     0.414 r  clk_IBUF_inst/O
                         net (fo=1, routed)           0.685     1.099    clk_IBUF
    BUFGCTRL_X0Y0        BUFG (Prop_bufg_I_O)         0.029     1.128 r  clk_IBUF_BUFG_inst/O
                         net (fo=73, routed)          0.859     1.986    exp2_i/uart_rx_0/inst/clk
    SLICE_X59Y36         FDRE                                         r  exp2_i/uart_rx_0/inst/msg_reg[4]/C
                         clock pessimism             -0.500     1.486    
    SLICE_X59Y36         FDRE (Hold_fdre_C_D)         0.070     1.556    exp2_i/uart_rx_0/inst/msg_reg[4]
  -------------------------------------------------------------------
                         required time                         -1.556    
                         arrival time                           1.732    
  -------------------------------------------------------------------
                         slack                                  0.176    

Slack (MET) :             0.177ns  (arrival time - required time)
  Source:                 exp2_i/uart_rx_0/inst/mensaje_reg[6]/C
                            (rising edge-triggered cell FDRE clocked by sys_clk_pin  {rise@0.000ns fall@5.000ns period=10.000ns})
  Destination:            exp2_i/uart_rx_0/inst/msg_reg[6]/D
                            (rising edge-triggered cell FDRE clocked by sys_clk_pin  {rise@0.000ns fall@5.000ns period=10.000ns})
  Path Group:             sys_clk_pin
  Path Type:              Hold (Min at Fast Process Corner)
  Requirement:            0.000ns  (sys_clk_pin rise@0.000ns - sys_clk_pin rise@0.000ns)
  Data Path Delay:        0.260ns  (logic 0.141ns (54.232%)  route 0.119ns (45.768%))
  Logic Levels:           0  
  Clock Path Skew:        0.013ns (DCD - SCD - CPR)
    Destination Clock Delay (DCD):    1.986ns
    Source Clock Delay      (SCD):    1.473ns
    Clock Pessimism Removal (CPR):    0.500ns

    Location             Delay type                Incr(ns)  Path(ns)    Netlist Resource(s)
  -------------------------------------------------------------------    -------------------
                         (clock sys_clk_pin rise edge)
                                                      0.000     0.000 r  
    W5                                                0.000     0.000 r  clk (IN)
                         net (fo=0)                   0.000     0.000    clk
    W5                   IBUF (Prop_ibuf_I_O)         0.226     0.226 r  clk_IBUF_inst/O
                         net (fo=1, routed)           0.631     0.858    clk_IBUF
    BUFGCTRL_X0Y0        BUFG (Prop_bufg_I_O)         0.026     0.884 r  clk_IBUF_BUFG_inst/O
                         net (fo=73, routed)          0.590     1.473    exp2_i/uart_rx_0/inst/clk
    SLICE_X58Y36         FDRE                                         r  exp2_i/uart_rx_0/inst/mensaje_reg[6]/C
  -------------------------------------------------------------------    -------------------
    SLICE_X58Y36         FDRE (Prop_fdre_C_Q)         0.141     1.614 r  exp2_i/uart_rx_0/inst/mensaje_reg[6]/Q
                         net (fo=2, routed)           0.119     1.733    exp2_i/uart_rx_0/inst/p_0_in[5]
    SLICE_X59Y36         FDRE                                         r  exp2_i/uart_rx_0/inst/msg_reg[6]/D
  -------------------------------------------------------------------    -------------------

                         (clock sys_clk_pin rise edge)
                                                      0.000     0.000 r  
    W5                                                0.000     0.000 r  clk (IN)
                         net (fo=0)                   0.000     0.000    clk
    W5                   IBUF (Prop_ibuf_I_O)         0.414     0.414 r  clk_IBUF_inst/O
                         net (fo=1, routed)           0.685     1.099    clk_IBUF
    BUFGCTRL_X0Y0        BUFG (Prop_bufg_I_O)         0.029     1.128 r  clk_IBUF_BUFG_inst/O
                         net (fo=73, routed)          0.859     1.986    exp2_i/uart_rx_0/inst/clk
    SLICE_X59Y36         FDRE                                         r  exp2_i/uart_rx_0/inst/msg_reg[6]/C
                         clock pessimism             -0.500     1.486    
    SLICE_X59Y36         FDRE (Hold_fdre_C_D)         0.070     1.556    exp2_i/uart_rx_0/inst/msg_reg[6]
  -------------------------------------------------------------------
                         required time                         -1.556    
                         arrival time                           1.733    
  -------------------------------------------------------------------
                         slack                                  0.177    

Slack (MET) :             0.185ns  (arrival time - required time)
  Source:                 exp2_i/uart_rx_0/inst/mensaje_reg[3]/C
                            (rising edge-triggered cell FDRE clocked by sys_clk_pin  {rise@0.000ns fall@5.000ns period=10.000ns})
  Destination:            exp2_i/uart_rx_0/inst/msg_reg[3]/D
                            (rising edge-triggered cell FDRE clocked by sys_clk_pin  {rise@0.000ns fall@5.000ns period=10.000ns})
  Path Group:             sys_clk_pin
  Path Type:              Hold (Min at Fast Process Corner)
  Requirement:            0.000ns  (sys_clk_pin rise@0.000ns - sys_clk_pin rise@0.000ns)
  Data Path Delay:        0.272ns  (logic 0.141ns (51.836%)  route 0.131ns (48.164%))
  Logic Levels:           0  
  Clock Path Skew:        0.015ns (DCD - SCD - CPR)
    Destination Clock Delay (DCD):    1.986ns
    Source Clock Delay      (SCD):    1.473ns
    Clock Pessimism Removal (CPR):    0.498ns

    Location             Delay type                Incr(ns)  Path(ns)    Netlist Resource(s)
  -------------------------------------------------------------------    -------------------
                         (clock sys_clk_pin rise edge)
                                                      0.000     0.000 r  
    W5                                                0.000     0.000 r  clk (IN)
                         net (fo=0)                   0.000     0.000    clk
    W5                   IBUF (Prop_ibuf_I_O)         0.226     0.226 r  clk_IBUF_inst/O
                         net (fo=1, routed)           0.631     0.858    clk_IBUF
    BUFGCTRL_X0Y0        BUFG (Prop_bufg_I_O)         0.026     0.884 r  clk_IBUF_BUFG_inst/O
                         net (fo=73, routed)          0.590     1.473    exp2_i/uart_rx_0/inst/clk
    SLICE_X58Y36         FDRE                                         r  exp2_i/uart_rx_0/inst/mensaje_reg[3]/C
  -------------------------------------------------------------------    -------------------
    SLICE_X58Y36         FDRE (Prop_fdre_C_Q)         0.141     1.614 r  exp2_i/uart_rx_0/inst/mensaje_reg[3]/Q
                         net (fo=2, routed)           0.131     1.745    exp2_i/uart_rx_0/inst/p_0_in[2]
    SLICE_X59Y35         FDRE                                         r  exp2_i/uart_rx_0/inst/msg_reg[3]/D
  -------------------------------------------------------------------    -------------------

                         (clock sys_clk_pin rise edge)
                                                      0.000     0.000 r  
    W5                                                0.000     0.000 r  clk (IN)
                         net (fo=0)                   0.000     0.000    clk
    W5                   IBUF (Prop_ibuf_I_O)         0.414     0.414 r  clk_IBUF_inst/O
                         net (fo=1, routed)           0.685     1.099    clk_IBUF
    BUFGCTRL_X0Y0        BUFG (Prop_bufg_I_O)         0.029     1.128 r  clk_IBUF_BUFG_inst/O
                         net (fo=73, routed)          0.859     1.986    exp2_i/uart_rx_0/inst/clk
    SLICE_X59Y35         FDRE                                         r  exp2_i/uart_rx_0/inst/msg_reg[3]/C
                         clock pessimism             -0.498     1.488    
    SLICE_X59Y35         FDRE (Hold_fdre_C_D)         0.072     1.560    exp2_i/uart_rx_0/inst/msg_reg[3]
  -------------------------------------------------------------------
                         required time                         -1.560    
                         arrival time                           1.745    
  -------------------------------------------------------------------
                         slack                                  0.185    

Slack (MET) :             0.187ns  (arrival time - required time)
  Source:                 exp2_i/uart_rx_0/inst/mensaje_reg[3]/C
                            (rising edge-triggered cell FDRE clocked by sys_clk_pin  {rise@0.000ns fall@5.000ns period=10.000ns})
  Destination:            exp2_i/uart_rx_0/inst/mensaje_reg[2]/D
                            (rising edge-triggered cell FDRE clocked by sys_clk_pin  {rise@0.000ns fall@5.000ns period=10.000ns})
  Path Group:             sys_clk_pin
  Path Type:              Hold (Min at Fast Process Corner)
  Requirement:            0.000ns  (sys_clk_pin rise@0.000ns - sys_clk_pin rise@0.000ns)
  Data Path Delay:        0.272ns  (logic 0.141ns (51.836%)  route 0.131ns (48.164%))
  Logic Levels:           0  
  Clock Path Skew:        0.015ns (DCD - SCD - CPR)
    Destination Clock Delay (DCD):    1.986ns
    Source Clock Delay      (SCD):    1.473ns
    Clock Pessimism Removal (CPR):    0.498ns

    Location             Delay type                Incr(ns)  Path(ns)    Netlist Resource(s)
  -------------------------------------------------------------------    -------------------
                         (clock sys_clk_pin rise edge)
                                                      0.000     0.000 r  
    W5                                                0.000     0.000 r  clk (IN)
                         net (fo=0)                   0.000     0.000    clk
    W5                   IBUF (Prop_ibuf_I_O)         0.226     0.226 r  clk_IBUF_inst/O
                         net (fo=1, routed)           0.631     0.858    clk_IBUF
    BUFGCTRL_X0Y0        BUFG (Prop_bufg_I_O)         0.026     0.884 r  clk_IBUF_BUFG_inst/O
                         net (fo=73, routed)          0.590     1.473    exp2_i/uart_rx_0/inst/clk
    SLICE_X58Y36         FDRE                                         r  exp2_i/uart_rx_0/inst/mensaje_reg[3]/C
  -------------------------------------------------------------------    -------------------
    SLICE_X58Y36         FDRE (Prop_fdre_C_Q)         0.141     1.614 r  exp2_i/uart_rx_0/inst/mensaje_reg[3]/Q
                         net (fo=2, routed)           0.131     1.745    exp2_i/uart_rx_0/inst/p_0_in[2]
    SLICE_X58Y35         FDRE                                         r  exp2_i/uart_rx_0/inst/mensaje_reg[2]/D
  -------------------------------------------------------------------    -------------------

                         (clock sys_clk_pin rise edge)
                                                      0.000     0.000 r  
    W5                                                0.000     0.000 r  clk (IN)
                         net (fo=0)                   0.000     0.000    clk
    W5                   IBUF (Prop_ibuf_I_O)         0.414     0.414 r  clk_IBUF_inst/O
                         net (fo=1, routed)           0.685     1.099    clk_IBUF
    BUFGCTRL_X0Y0        BUFG (Prop_bufg_I_O)         0.029     1.128 r  clk_IBUF_BUFG_inst/O
                         net (fo=73, routed)          0.859     1.986    exp2_i/uart_rx_0/inst/clk
    SLICE_X58Y35         FDRE                                         r  exp2_i/uart_rx_0/inst/mensaje_reg[2]/C
                         clock pessimism             -0.498     1.488    
    SLICE_X58Y35         FDRE (Hold_fdre_C_D)         0.070     1.558    exp2_i/uart_rx_0/inst/mensaje_reg[2]
  -------------------------------------------------------------------
                         required time                         -1.558    
                         arrival time                           1.745    
  -------------------------------------------------------------------
                         slack                                  0.187    

Slack (MET) :             0.191ns  (arrival time - required time)
  Source:                 exp2_i/uart_rx_0/inst/mensaje_reg[0]/C
                            (rising edge-triggered cell FDRE clocked by sys_clk_pin  {rise@0.000ns fall@5.000ns period=10.000ns})
  Destination:            exp2_i/uart_rx_0/inst/msg_reg[0]/D
                            (rising edge-triggered cell FDRE clocked by sys_clk_pin  {rise@0.000ns fall@5.000ns period=10.000ns})
  Path Group:             sys_clk_pin
  Path Type:              Hold (Min at Fast Process Corner)
  Requirement:            0.000ns  (sys_clk_pin rise@0.000ns - sys_clk_pin rise@0.000ns)
  Data Path Delay:        0.250ns  (logic 0.141ns (56.457%)  route 0.109ns (43.543%))
  Logic Levels:           0  
  Clock Path Skew:        0.013ns (DCD - SCD - CPR)
    Destination Clock Delay (DCD):    1.986ns
    Source Clock Delay      (SCD):    1.473ns
    Clock Pessimism Removal (CPR):    0.500ns

    Location             Delay type                Incr(ns)  Path(ns)    Netlist Resource(s)
  -------------------------------------------------------------------    -------------------
                         (clock sys_clk_pin rise edge)
                                                      0.000     0.000 r  
    W5                                                0.000     0.000 r  clk (IN)
                         net (fo=0)                   0.000     0.000    clk
    W5                   IBUF (Prop_ibuf_I_O)         0.226     0.226 r  clk_IBUF_inst/O
                         net (fo=1, routed)           0.631     0.858    clk_IBUF
    BUFGCTRL_X0Y0        BUFG (Prop_bufg_I_O)         0.026     0.884 r  clk_IBUF_BUFG_inst/O
                         net (fo=73, routed)          0.590     1.473    exp2_i/uart_rx_0/inst/clk
    SLICE_X58Y35         FDRE                                         r  exp2_i/uart_rx_0/inst/mensaje_reg[0]/C
  -------------------------------------------------------------------    -------------------
    SLICE_X58Y35         FDRE (Prop_fdre_C_Q)         0.141     1.614 r  exp2_i/uart_rx_0/inst/mensaje_reg[0]/Q
                         net (fo=1, routed)           0.109     1.723    exp2_i/uart_rx_0/inst/mensaje_reg_n_0_[0]
    SLICE_X59Y35         FDRE                                         r  exp2_i/uart_rx_0/inst/msg_reg[0]/D
  -------------------------------------------------------------------    -------------------

                         (clock sys_clk_pin rise edge)
                                                      0.000     0.000 r  
    W5                                                0.000     0.000 r  clk (IN)
                         net (fo=0)                   0.000     0.000    clk
    W5                   IBUF (Prop_ibuf_I_O)         0.414     0.414 r  clk_IBUF_inst/O
                         net (fo=1, routed)           0.685     1.099    clk_IBUF
    BUFGCTRL_X0Y0        BUFG (Prop_bufg_I_O)         0.029     1.128 r  clk_IBUF_BUFG_inst/O
                         net (fo=73, routed)          0.859     1.986    exp2_i/uart_rx_0/inst/clk
    SLICE_X59Y35         FDRE                                         r  exp2_i/uart_rx_0/inst/msg_reg[0]/C
                         clock pessimism             -0.500     1.486    
    SLICE_X59Y35         FDRE (Hold_fdre_C_D)         0.046     1.532    exp2_i/uart_rx_0/inst/msg_reg[0]
  -------------------------------------------------------------------
                         required time                         -1.532    
                         arrival time                           1.723    
  -------------------------------------------------------------------
                         slack                                  0.191    

Slack (MET) :             0.222ns  (arrival time - required time)
  Source:                 exp2_i/uart_rx_0/inst/FSM_sequential_state_reg[0]/C
                            (rising edge-triggered cell FDRE clocked by sys_clk_pin  {rise@0.000ns fall@5.000ns period=10.000ns})
  Destination:            exp2_i/uart_rx_0/inst/FSM_sequential_state_reg[2]/D
                            (rising edge-triggered cell FDRE clocked by sys_clk_pin  {rise@0.000ns fall@5.000ns period=10.000ns})
  Path Group:             sys_clk_pin
  Path Type:              Hold (Min at Fast Process Corner)
  Requirement:            0.000ns  (sys_clk_pin rise@0.000ns - sys_clk_pin rise@0.000ns)
  Data Path Delay:        0.342ns  (logic 0.189ns (55.229%)  route 0.153ns (44.771%))
  Logic Levels:           1  (LUT5=1)
  Clock Path Skew:        0.013ns (DCD - SCD - CPR)
    Destination Clock Delay (DCD):    1.987ns
    Source Clock Delay      (SCD):    1.474ns
    Clock Pessimism Removal (CPR):    0.500ns

    Location             Delay type                Incr(ns)  Path(ns)    Netlist Resource(s)
  -------------------------------------------------------------------    -------------------
                         (clock sys_clk_pin rise edge)
                                                      0.000     0.000 r  
    W5                                                0.000     0.000 r  clk (IN)
                         net (fo=0)                   0.000     0.000    clk
    W5                   IBUF (Prop_ibuf_I_O)         0.226     0.226 r  clk_IBUF_inst/O
                         net (fo=1, routed)           0.631     0.858    clk_IBUF
    BUFGCTRL_X0Y0        BUFG (Prop_bufg_I_O)         0.026     0.884 r  clk_IBUF_BUFG_inst/O
                         net (fo=73, routed)          0.591     1.474    exp2_i/uart_rx_0/inst/clk
    SLICE_X59Y37         FDRE                                         r  exp2_i/uart_rx_0/inst/FSM_sequential_state_reg[0]/C
  -------------------------------------------------------------------    -------------------
    SLICE_X59Y37         FDRE (Prop_fdre_C_Q)         0.141     1.615 r  exp2_i/uart_rx_0/inst/FSM_sequential_state_reg[0]/Q
                         net (fo=7, routed)           0.153     1.768    exp2_i/uart_rx_0/inst/state__0[0]
    SLICE_X58Y37         LUT5 (Prop_lut5_I4_O)        0.048     1.816 r  exp2_i/uart_rx_0/inst/FSM_sequential_state[2]_i_1/O
                         net (fo=1, routed)           0.000     1.816    exp2_i/uart_rx_0/inst/FSM_sequential_state[2]_i_1_n_0
    SLICE_X58Y37         FDRE                                         r  exp2_i/uart_rx_0/inst/FSM_sequential_state_reg[2]/D
  -------------------------------------------------------------------    -------------------

                         (clock sys_clk_pin rise edge)
                                                      0.000     0.000 r  
    W5                                                0.000     0.000 r  clk (IN)
                         net (fo=0)                   0.000     0.000    clk
    W5                   IBUF (Prop_ibuf_I_O)         0.414     0.414 r  clk_IBUF_inst/O
                         net (fo=1, routed)           0.685     1.099    clk_IBUF
    BUFGCTRL_X0Y0        BUFG (Prop_bufg_I_O)         0.029     1.128 r  clk_IBUF_BUFG_inst/O
                         net (fo=73, routed)          0.860     1.987    exp2_i/uart_rx_0/inst/clk
    SLICE_X58Y37         FDRE                                         r  exp2_i/uart_rx_0/inst/FSM_sequential_state_reg[2]/C
                         clock pessimism             -0.500     1.487    
    SLICE_X58Y37         FDRE (Hold_fdre_C_D)         0.107     1.594    exp2_i/uart_rx_0/inst/FSM_sequential_state_reg[2]
  -------------------------------------------------------------------
                         required time                         -1.594    
                         arrival time                           1.816    
  -------------------------------------------------------------------
                         slack                                  0.222    

Slack (MET) :             0.224ns  (arrival time - required time)
  Source:                 exp2_i/uart_rx_0/inst/FSM_sequential_state_reg[1]/C
                            (rising edge-triggered cell FDRE clocked by sys_clk_pin  {rise@0.000ns fall@5.000ns period=10.000ns})
  Destination:            exp2_i/uart_rx_0/inst/FSM_sequential_state_reg[0]/D
                            (rising edge-triggered cell FDRE clocked by sys_clk_pin  {rise@0.000ns fall@5.000ns period=10.000ns})
  Path Group:             sys_clk_pin
  Path Type:              Hold (Min at Fast Process Corner)
  Requirement:            0.000ns  (sys_clk_pin rise@0.000ns - sys_clk_pin rise@0.000ns)
  Data Path Delay:        0.328ns  (logic 0.186ns (56.667%)  route 0.142ns (43.333%))
  Logic Levels:           1  (LUT6=1)
  Clock Path Skew:        0.013ns (DCD - SCD - CPR)
    Destination Clock Delay (DCD):    1.987ns
    Source Clock Delay      (SCD):    1.474ns
    Clock Pessimism Removal (CPR):    0.500ns

    Location             Delay type                Incr(ns)  Path(ns)    Netlist Resource(s)
  -------------------------------------------------------------------    -------------------
                         (clock sys_clk_pin rise edge)
                                                      0.000     0.000 r  
    W5                                                0.000     0.000 r  clk (IN)
                         net (fo=0)                   0.000     0.000    clk
    W5                   IBUF (Prop_ibuf_I_O)         0.226     0.226 r  clk_IBUF_inst/O
                         net (fo=1, routed)           0.631     0.858    clk_IBUF
    BUFGCTRL_X0Y0        BUFG (Prop_bufg_I_O)         0.026     0.884 r  clk_IBUF_BUFG_inst/O
                         net (fo=73, routed)          0.591     1.474    exp2_i/uart_rx_0/inst/clk
    SLICE_X58Y37         FDRE                                         r  exp2_i/uart_rx_0/inst/FSM_sequential_state_reg[1]/C
  -------------------------------------------------------------------    -------------------
    SLICE_X58Y37         FDRE (Prop_fdre_C_Q)         0.141     1.615 r  exp2_i/uart_rx_0/inst/FSM_sequential_state_reg[1]/Q
                         net (fo=11, routed)          0.142     1.757    exp2_i/uart_rx_0/inst/state__0[1]
    SLICE_X59Y37         LUT6 (Prop_lut6_I1_O)        0.045     1.802 r  exp2_i/uart_rx_0/inst/FSM_sequential_state[0]_i_1/O
                         net (fo=1, routed)           0.000     1.802    exp2_i/uart_rx_0/inst/FSM_sequential_state[0]_i_1_n_0
    SLICE_X59Y37         FDRE                                         r  exp2_i/uart_rx_0/inst/FSM_sequential_state_reg[0]/D
  -------------------------------------------------------------------    -------------------

                         (clock sys_clk_pin rise edge)
                                                      0.000     0.000 r  
    W5                                                0.000     0.000 r  clk (IN)
                         net (fo=0)                   0.000     0.000    clk
    W5                   IBUF (Prop_ibuf_I_O)         0.414     0.414 r  clk_IBUF_inst/O
                         net (fo=1, routed)           0.685     1.099    clk_IBUF
    BUFGCTRL_X0Y0        BUFG (Prop_bufg_I_O)         0.029     1.128 r  clk_IBUF_BUFG_inst/O
                         net (fo=73, routed)          0.860     1.987    exp2_i/uart_rx_0/inst/clk
    SLICE_X59Y37         FDRE                                         r  exp2_i/uart_rx_0/inst/FSM_sequential_state_reg[0]/C
                         clock pessimism             -0.500     1.487    
    SLICE_X59Y37         FDRE (Hold_fdre_C_D)         0.091     1.578    exp2_i/uart_rx_0/inst/FSM_sequential_state_reg[0]
  -------------------------------------------------------------------
                         required time                         -1.578    
                         arrival time                           1.802    
  -------------------------------------------------------------------
                         slack                                  0.224    

Slack (MET) :             0.224ns  (arrival time - required time)
  Source:                 exp2_i/uart_rx_0/inst/FSM_sequential_state_reg[1]/C
                            (rising edge-triggered cell FDRE clocked by sys_clk_pin  {rise@0.000ns fall@5.000ns period=10.000ns})
  Destination:            exp2_i/uart_rx_0/inst/reset_uart_clk_reg/D
                            (rising edge-triggered cell FDRE clocked by sys_clk_pin  {rise@0.000ns fall@5.000ns period=10.000ns})
  Path Group:             sys_clk_pin
  Path Type:              Hold (Min at Fast Process Corner)
  Requirement:            0.000ns  (sys_clk_pin rise@0.000ns - sys_clk_pin rise@0.000ns)
  Data Path Delay:        0.329ns  (logic 0.186ns (56.495%)  route 0.143ns (43.505%))
  Logic Levels:           1  (LUT5=1)
  Clock Path Skew:        0.013ns (DCD - SCD - CPR)
    Destination Clock Delay (DCD):    1.987ns
    Source Clock Delay      (SCD):    1.474ns
    Clock Pessimism Removal (CPR):    0.500ns

    Location             Delay type                Incr(ns)  Path(ns)    Netlist Resource(s)
  -------------------------------------------------------------------    -------------------
                         (clock sys_clk_pin rise edge)
                                                      0.000     0.000 r  
    W5                                                0.000     0.000 r  clk (IN)
                         net (fo=0)                   0.000     0.000    clk
    W5                   IBUF (Prop_ibuf_I_O)         0.226     0.226 r  clk_IBUF_inst/O
                         net (fo=1, routed)           0.631     0.858    clk_IBUF
    BUFGCTRL_X0Y0        BUFG (Prop_bufg_I_O)         0.026     0.884 r  clk_IBUF_BUFG_inst/O
                         net (fo=73, routed)          0.591     1.474    exp2_i/uart_rx_0/inst/clk
    SLICE_X58Y37         FDRE                                         r  exp2_i/uart_rx_0/inst/FSM_sequential_state_reg[1]/C
  -------------------------------------------------------------------    -------------------
    SLICE_X58Y37         FDRE (Prop_fdre_C_Q)         0.141     1.615 r  exp2_i/uart_rx_0/inst/FSM_sequential_state_reg[1]/Q
                         net (fo=11, routed)          0.143     1.758    exp2_i/uart_rx_0/inst/state__0[1]
    SLICE_X59Y37         LUT5 (Prop_lut5_I3_O)        0.045     1.803 r  exp2_i/uart_rx_0/inst/reset_uart_clk_i_1/O
                         net (fo=1, routed)           0.000     1.803    exp2_i/uart_rx_0/inst/reset_uart_clk_i_1_n_0
    SLICE_X59Y37         FDRE                                         r  exp2_i/uart_rx_0/inst/reset_uart_clk_reg/D
  -------------------------------------------------------------------    -------------------

                         (clock sys_clk_pin rise edge)
                                                      0.000     0.000 r  
    W5                                                0.000     0.000 r  clk (IN)
                         net (fo=0)                   0.000     0.000    clk
    W5                   IBUF (Prop_ibuf_I_O)         0.414     0.414 r  clk_IBUF_inst/O
                         net (fo=1, routed)           0.685     1.099    clk_IBUF
    BUFGCTRL_X0Y0        BUFG (Prop_bufg_I_O)         0.029     1.128 r  clk_IBUF_BUFG_inst/O
                         net (fo=73, routed)          0.860     1.987    exp2_i/uart_rx_0/inst/clk
    SLICE_X59Y37         FDRE                                         r  exp2_i/uart_rx_0/inst/reset_uart_clk_reg/C
                         clock pessimism             -0.500     1.487    
    SLICE_X59Y37         FDRE (Hold_fdre_C_D)         0.092     1.579    exp2_i/uart_rx_0/inst/reset_uart_clk_reg
  -------------------------------------------------------------------
                         required time                         -1.579    
                         arrival time                           1.803    
  -------------------------------------------------------------------
                         slack                                  0.224    

Slack (MET) :             0.228ns  (arrival time - required time)
  Source:                 exp2_i/modular_clk_div_1/inst/count_reg[4]/C
                            (rising edge-triggered cell FDCE clocked by sys_clk_pin  {rise@0.000ns fall@5.000ns period=10.000ns})
  Destination:            exp2_i/modular_clk_div_1/inst/count_reg[4]/D
                            (rising edge-triggered cell FDCE clocked by sys_clk_pin  {rise@0.000ns fall@5.000ns period=10.000ns})
  Path Group:             sys_clk_pin
  Path Type:              Hold (Min at Fast Process Corner)
  Requirement:            0.000ns  (sys_clk_pin rise@0.000ns - sys_clk_pin rise@0.000ns)
  Data Path Delay:        0.320ns  (logic 0.186ns (58.126%)  route 0.134ns (41.874%))
  Logic Levels:           1  (LUT6=1)
  Clock Path Skew:        0.000ns (DCD - SCD - CPR)
    Destination Clock Delay (DCD):    1.980ns
    Source Clock Delay      (SCD):    1.468ns
    Clock Pessimism Removal (CPR):    0.512ns

    Location             Delay type                Incr(ns)  Path(ns)    Netlist Resource(s)
  -------------------------------------------------------------------    -------------------
                         (clock sys_clk_pin rise edge)
                                                      0.000     0.000 r  
    W5                                                0.000     0.000 r  clk (IN)
                         net (fo=0)                   0.000     0.000    clk
    W5                   IBUF (Prop_ibuf_I_O)         0.226     0.226 r  clk_IBUF_inst/O
                         net (fo=1, routed)           0.631     0.858    clk_IBUF
    BUFGCTRL_X0Y0        BUFG (Prop_bufg_I_O)         0.026     0.884 r  clk_IBUF_BUFG_inst/O
                         net (fo=73, routed)          0.585     1.468    exp2_i/modular_clk_div_1/inst/clk
    SLICE_X59Y20         FDCE                                         r  exp2_i/modular_clk_div_1/inst/count_reg[4]/C
  -------------------------------------------------------------------    -------------------
    SLICE_X59Y20         FDCE (Prop_fdce_C_Q)         0.141     1.609 r  exp2_i/modular_clk_div_1/inst/count_reg[4]/Q
                         net (fo=4, routed)           0.134     1.743    exp2_i/modular_clk_div_1/inst/count_reg[4]
    SLICE_X59Y20         LUT6 (Prop_lut6_I0_O)        0.045     1.788 r  exp2_i/modular_clk_div_1/inst/count[4]_i_1/O
                         net (fo=1, routed)           0.000     1.788    exp2_i/modular_clk_div_1/inst/count[4]_i_1_n_0
    SLICE_X59Y20         FDCE                                         r  exp2_i/modular_clk_div_1/inst/count_reg[4]/D
  -------------------------------------------------------------------    -------------------

                         (clock sys_clk_pin rise edge)
                                                      0.000     0.000 r  
    W5                                                0.000     0.000 r  clk (IN)
                         net (fo=0)                   0.000     0.000    clk
    W5                   IBUF (Prop_ibuf_I_O)         0.414     0.414 r  clk_IBUF_inst/O
                         net (fo=1, routed)           0.685     1.099    clk_IBUF
    BUFGCTRL_X0Y0        BUFG (Prop_bufg_I_O)         0.029     1.128 r  clk_IBUF_BUFG_inst/O
                         net (fo=73, routed)          0.853     1.980    exp2_i/modular_clk_div_1/inst/clk
    SLICE_X59Y20         FDCE                                         r  exp2_i/modular_clk_div_1/inst/count_reg[4]/C
                         clock pessimism             -0.512     1.468    
    SLICE_X59Y20         FDCE (Hold_fdce_C_D)         0.092     1.560    exp2_i/modular_clk_div_1/inst/count_reg[4]
  -------------------------------------------------------------------
                         required time                         -1.560    
                         arrival time                           1.788    
  -------------------------------------------------------------------
                         slack                                  0.228    

Slack (MET) :             0.230ns  (arrival time - required time)
  Source:                 exp2_i/modular_clk_div_1/inst/count_reg[0]/C
                            (rising edge-triggered cell FDCE clocked by sys_clk_pin  {rise@0.000ns fall@5.000ns period=10.000ns})
  Destination:            exp2_i/modular_clk_div_1/inst/count_reg[1]/D
                            (rising edge-triggered cell FDCE clocked by sys_clk_pin  {rise@0.000ns fall@5.000ns period=10.000ns})
  Path Group:             sys_clk_pin
  Path Type:              Hold (Min at Fast Process Corner)
  Requirement:            0.000ns  (sys_clk_pin rise@0.000ns - sys_clk_pin rise@0.000ns)
  Data Path Delay:        0.335ns  (logic 0.186ns (55.453%)  route 0.149ns (44.547%))
  Logic Levels:           1  (LUT6=1)
  Clock Path Skew:        0.014ns (DCD - SCD - CPR)
    Destination Clock Delay (DCD):    1.980ns
    Source Clock Delay      (SCD):    1.468ns
    Clock Pessimism Removal (CPR):    0.498ns

    Location             Delay type                Incr(ns)  Path(ns)    Netlist Resource(s)
  -------------------------------------------------------------------    -------------------
                         (clock sys_clk_pin rise edge)
                                                      0.000     0.000 r  
    W5                                                0.000     0.000 r  clk (IN)
                         net (fo=0)                   0.000     0.000    clk
    W5                   IBUF (Prop_ibuf_I_O)         0.226     0.226 r  clk_IBUF_inst/O
                         net (fo=1, routed)           0.631     0.858    clk_IBUF
    BUFGCTRL_X0Y0        BUFG (Prop_bufg_I_O)         0.026     0.884 r  clk_IBUF_BUFG_inst/O
                         net (fo=73, routed)          0.585     1.468    exp2_i/modular_clk_div_1/inst/clk
    SLICE_X61Y20         FDCE                                         r  exp2_i/modular_clk_div_1/inst/count_reg[0]/C
  -------------------------------------------------------------------    -------------------
    SLICE_X61Y20         FDCE (Prop_fdce_C_Q)         0.141     1.609 r  exp2_i/modular_clk_div_1/inst/count_reg[0]/Q
                         net (fo=8, routed)           0.149     1.759    exp2_i/modular_clk_div_1/inst/count_reg[0]
    SLICE_X59Y20         LUT6 (Prop_lut6_I1_O)        0.045     1.804 r  exp2_i/modular_clk_div_1/inst/count[1]_i_1/O
                         net (fo=1, routed)           0.000     1.804    exp2_i/modular_clk_div_1/inst/count[1]_i_1_n_0
    SLICE_X59Y20         FDCE                                         r  exp2_i/modular_clk_div_1/inst/count_reg[1]/D
  -------------------------------------------------------------------    -------------------

                         (clock sys_clk_pin rise edge)
                                                      0.000     0.000 r  
    W5                                                0.000     0.000 r  clk (IN)
                         net (fo=0)                   0.000     0.000    clk
    W5                   IBUF (Prop_ibuf_I_O)         0.414     0.414 r  clk_IBUF_inst/O
                         net (fo=1, routed)           0.685     1.099    clk_IBUF
    BUFGCTRL_X0Y0        BUFG (Prop_bufg_I_O)         0.029     1.128 r  clk_IBUF_BUFG_inst/O
                         net (fo=73, routed)          0.853     1.980    exp2_i/modular_clk_div_1/inst/clk
    SLICE_X59Y20         FDCE                                         r  exp2_i/modular_clk_div_1/inst/count_reg[1]/C
                         clock pessimism             -0.498     1.482    
    SLICE_X59Y20         FDCE (Hold_fdce_C_D)         0.091     1.573    exp2_i/modular_clk_div_1/inst/count_reg[1]
  -------------------------------------------------------------------
                         required time                         -1.573    
                         arrival time                           1.804    
  -------------------------------------------------------------------
                         slack                                  0.230    





Pulse Width Checks
--------------------------------------------------------------------------------------
Clock Name:         sys_clk_pin
Waveform(ns):       { 0.000 5.000 }
Period(ns):         10.000
Sources:            { clk }

Check Type        Corner  Lib Pin             Reference Pin  Required(ns)  Actual(ns)  Slack(ns)  Location       Pin
Min Period        n/a     RAMB18E1/CLKARDCLK  n/a            2.576         10.000      7.424      RAMB18_X2Y14   exp2_i/generador_seno_0/inst/n_out_reg/CLKARDCLK
Min Period        n/a     BUFG/I              n/a            2.155         10.000      7.845      BUFGCTRL_X0Y0  clk_IBUF_BUFG_inst/I
Min Period        n/a     FDRE/C              n/a            1.000         10.000      9.000      SLICE_X62Y33   exp2_i/clk_mgnmnt_0/inst/N_reg[3]/C
Min Period        n/a     FDRE/C              n/a            1.000         10.000      9.000      SLICE_X62Y33   exp2_i/clk_mgnmnt_0/inst/N_reg[4]/C
Min Period        n/a     FDCE/C              n/a            1.000         10.000      9.000      SLICE_X61Y34   exp2_i/clk_mgnmnt_0/inst/clk_div_reg/C
Min Period        n/a     FDCE/C              n/a            1.000         10.000      9.000      SLICE_X62Y32   exp2_i/clk_mgnmnt_0/inst/count_reg[0]/C
Min Period        n/a     FDCE/C              n/a            1.000         10.000      9.000      SLICE_X62Y32   exp2_i/clk_mgnmnt_0/inst/count_reg[1]/C
Min Period        n/a     FDCE/C              n/a            1.000         10.000      9.000      SLICE_X62Y32   exp2_i/clk_mgnmnt_0/inst/count_reg[2]/C
Min Period        n/a     FDCE/C              n/a            1.000         10.000      9.000      SLICE_X62Y32   exp2_i/clk_mgnmnt_0/inst/count_reg[3]/C
Min Period        n/a     FDCE/C              n/a            1.000         10.000      9.000      SLICE_X62Y32   exp2_i/clk_mgnmnt_0/inst/count_reg[4]/C
Low Pulse Width   Slow    FDCE/C              n/a            0.500         5.000       4.500      SLICE_X56Y34   exp2_i/modular_clk_div_0/inst/clk_div_reg/C
Low Pulse Width   Slow    FDCE/C              n/a            0.500         5.000       4.500      SLICE_X56Y34   exp2_i/modular_clk_div_0/inst/count_reg[0]/C
Low Pulse Width   Slow    FDCE/C              n/a            0.500         5.000       4.500      SLICE_X56Y34   exp2_i/modular_clk_div_0/inst/count_reg[1]/C
Low Pulse Width   Slow    FDCE/C              n/a            0.500         5.000       4.500      SLICE_X56Y34   exp2_i/modular_clk_div_0/inst/count_reg[2]/C
Low Pulse Width   Slow    FDCE/C              n/a            0.500         5.000       4.500      SLICE_X59Y20   exp2_i/modular_clk_div_1/inst/count_reg[1]/C
Low Pulse Width   Slow    FDCE/C              n/a            0.500         5.000       4.500      SLICE_X61Y20   exp2_i/modular_clk_div_1/inst/count_reg[2]/C
Low Pulse Width   Slow    FDCE/C              n/a            0.500         5.000       4.500      SLICE_X60Y20   exp2_i/modular_clk_div_1/inst/count_reg[3]/C
Low Pulse Width   Slow    FDCE/C              n/a            0.500         5.000       4.500      SLICE_X59Y20   exp2_i/modular_clk_div_1/inst/count_reg[4]/C
Low Pulse Width   Slow    FDCE/C              n/a            0.500         5.000       4.500      SLICE_X59Y20   exp2_i/modular_clk_div_1/inst/count_reg[5]/C
Low Pulse Width   Slow    FDCE/C              n/a            0.500         5.000       4.500      SLICE_X61Y20   exp2_i/modular_clk_div_1/inst/count_reg[0]/C
High Pulse Width  Slow    FDRE/C              n/a            0.500         5.000       4.500      SLICE_X62Y33   exp2_i/clk_mgnmnt_0/inst/N_reg[3]/C
High Pulse Width  Fast    FDRE/C              n/a            0.500         5.000       4.500      SLICE_X62Y33   exp2_i/clk_mgnmnt_0/inst/N_reg[3]/C
High Pulse Width  Slow    FDRE/C              n/a            0.500         5.000       4.500      SLICE_X62Y33   exp2_i/clk_mgnmnt_0/inst/N_reg[4]/C
High Pulse Width  Fast    FDRE/C              n/a            0.500         5.000       4.500      SLICE_X62Y33   exp2_i/clk_mgnmnt_0/inst/N_reg[4]/C
High Pulse Width  Slow    FDCE/C              n/a            0.500         5.000       4.500      SLICE_X61Y34   exp2_i/clk_mgnmnt_0/inst/clk_div_reg/C
High Pulse Width  Fast    FDCE/C              n/a            0.500         5.000       4.500      SLICE_X61Y34   exp2_i/clk_mgnmnt_0/inst/clk_div_reg/C
High Pulse Width  Slow    FDCE/C              n/a            0.500         5.000       4.500      SLICE_X62Y32   exp2_i/clk_mgnmnt_0/inst/count_reg[0]/C
High Pulse Width  Slow    FDCE/C              n/a            0.500         5.000       4.500      SLICE_X62Y32   exp2_i/clk_mgnmnt_0/inst/count_reg[1]/C
High Pulse Width  Slow    FDCE/C              n/a            0.500         5.000       4.500      SLICE_X62Y32   exp2_i/clk_mgnmnt_0/inst/count_reg[2]/C
High Pulse Width  Slow    FDCE/C              n/a            0.500         5.000       4.500      SLICE_X62Y32   exp2_i/clk_mgnmnt_0/inst/count_reg[3]/C



---------------------------------------------------------------------------------------------------
Path Group:  **async_default**
From Clock:  sys_clk_pin
  To Clock:  sys_clk_pin

Setup :            0  Failing Endpoints,  Worst Slack        6.871ns,  Total Violation        0.000ns
Hold  :            0  Failing Endpoints,  Worst Slack        0.922ns,  Total Violation        0.000ns
---------------------------------------------------------------------------------------------------


Max Delay Paths
--------------------------------------------------------------------------------------
Slack (MET) :             6.871ns  (required time - arrival time)
  Source:                 exp2_i/uart_rx_0/inst/reset_uart_clk_reg/C
                            (rising edge-triggered cell FDRE clocked by sys_clk_pin  {rise@0.000ns fall@5.000ns period=10.000ns})
  Destination:            exp2_i/modular_clk_div_1/inst/count_reg[0]/CLR
                            (recovery check against rising-edge clock sys_clk_pin  {rise@0.000ns fall@5.000ns period=10.000ns})
  Path Group:             **async_default**
  Path Type:              Recovery (Max at Slow Process Corner)
  Requirement:            10.000ns  (sys_clk_pin rise@10.000ns - sys_clk_pin rise@0.000ns)
  Data Path Delay:        2.440ns  (logic 0.606ns (24.833%)  route 1.834ns (75.167%))
  Logic Levels:           1  (LUT2=1)
  Clock Path Skew:        -0.046ns (DCD - SCD + CPR)
    Destination Clock Delay (DCD):    4.848ns = ( 14.848 - 10.000 ) 
    Source Clock Delay      (SCD):    5.154ns
    Clock Pessimism Removal (CPR):    0.260ns
  Clock Uncertainty:      0.035ns  ((TSJ^2 + TIJ^2)^1/2 + DJ) / 2 + PE
    Total System Jitter     (TSJ):    0.071ns
    Total Input Jitter      (TIJ):    0.000ns
    Discrete Jitter          (DJ):    0.000ns
    Phase Error              (PE):    0.000ns

    Location             Delay type                Incr(ns)  Path(ns)    Netlist Resource(s)
  -------------------------------------------------------------------    -------------------
                         (clock sys_clk_pin rise edge)
                                                      0.000     0.000 r  
    W5                                                0.000     0.000 r  clk (IN)
                         net (fo=0)                   0.000     0.000    clk
    W5                   IBUF (Prop_ibuf_I_O)         1.458     1.458 r  clk_IBUF_inst/O
                         net (fo=1, routed)           1.967     3.425    clk_IBUF
    BUFGCTRL_X0Y0        BUFG (Prop_bufg_I_O)         0.096     3.521 r  clk_IBUF_BUFG_inst/O
                         net (fo=73, routed)          1.633     5.154    exp2_i/uart_rx_0/inst/clk
    SLICE_X59Y37         FDRE                                         r  exp2_i/uart_rx_0/inst/reset_uart_clk_reg/C
  -------------------------------------------------------------------    -------------------
    SLICE_X59Y37         FDRE (Prop_fdre_C_Q)         0.456     5.610 f  exp2_i/uart_rx_0/inst/reset_uart_clk_reg/Q
                         net (fo=2, routed)           0.585     6.196    exp2_i/OR_0/rst_uart
    SLICE_X59Y36         LUT2 (Prop_lut2_I1_O)        0.150     6.346 f  exp2_i/OR_0/uart_clk_rst_INST_0/O
                         net (fo=11, routed)          1.249     7.595    exp2_i/modular_clk_div_1/inst/rst
    SLICE_X61Y20         FDCE                                         f  exp2_i/modular_clk_div_1/inst/count_reg[0]/CLR
  -------------------------------------------------------------------    -------------------

                         (clock sys_clk_pin rise edge)
                                                     10.000    10.000 r  
    W5                                                0.000    10.000 r  clk (IN)
                         net (fo=0)                   0.000    10.000    clk
    W5                   IBUF (Prop_ibuf_I_O)         1.388    11.388 r  clk_IBUF_inst/O
                         net (fo=1, routed)           1.862    13.250    clk_IBUF
    BUFGCTRL_X0Y0        BUFG (Prop_bufg_I_O)         0.091    13.341 r  clk_IBUF_BUFG_inst/O
                         net (fo=73, routed)          1.507    14.848    exp2_i/modular_clk_div_1/inst/clk
    SLICE_X61Y20         FDCE                                         r  exp2_i/modular_clk_div_1/inst/count_reg[0]/C
                         clock pessimism              0.260    15.108    
                         clock uncertainty           -0.035    15.073    
    SLICE_X61Y20         FDCE (Recov_fdce_C_CLR)     -0.607    14.466    exp2_i/modular_clk_div_1/inst/count_reg[0]
  -------------------------------------------------------------------
                         required time                         14.466    
                         arrival time                          -7.595    
  -------------------------------------------------------------------
                         slack                                  6.871    

Slack (MET) :             6.871ns  (required time - arrival time)
  Source:                 exp2_i/uart_rx_0/inst/reset_uart_clk_reg/C
                            (rising edge-triggered cell FDRE clocked by sys_clk_pin  {rise@0.000ns fall@5.000ns period=10.000ns})
  Destination:            exp2_i/modular_clk_div_1/inst/count_reg[2]/CLR
                            (recovery check against rising-edge clock sys_clk_pin  {rise@0.000ns fall@5.000ns period=10.000ns})
  Path Group:             **async_default**
  Path Type:              Recovery (Max at Slow Process Corner)
  Requirement:            10.000ns  (sys_clk_pin rise@10.000ns - sys_clk_pin rise@0.000ns)
  Data Path Delay:        2.440ns  (logic 0.606ns (24.833%)  route 1.834ns (75.167%))
  Logic Levels:           1  (LUT2=1)
  Clock Path Skew:        -0.046ns (DCD - SCD + CPR)
    Destination Clock Delay (DCD):    4.848ns = ( 14.848 - 10.000 ) 
    Source Clock Delay      (SCD):    5.154ns
    Clock Pessimism Removal (CPR):    0.260ns
  Clock Uncertainty:      0.035ns  ((TSJ^2 + TIJ^2)^1/2 + DJ) / 2 + PE
    Total System Jitter     (TSJ):    0.071ns
    Total Input Jitter      (TIJ):    0.000ns
    Discrete Jitter          (DJ):    0.000ns
    Phase Error              (PE):    0.000ns

    Location             Delay type                Incr(ns)  Path(ns)    Netlist Resource(s)
  -------------------------------------------------------------------    -------------------
                         (clock sys_clk_pin rise edge)
                                                      0.000     0.000 r  
    W5                                                0.000     0.000 r  clk (IN)
                         net (fo=0)                   0.000     0.000    clk
    W5                   IBUF (Prop_ibuf_I_O)         1.458     1.458 r  clk_IBUF_inst/O
                         net (fo=1, routed)           1.967     3.425    clk_IBUF
    BUFGCTRL_X0Y0        BUFG (Prop_bufg_I_O)         0.096     3.521 r  clk_IBUF_BUFG_inst/O
                         net (fo=73, routed)          1.633     5.154    exp2_i/uart_rx_0/inst/clk
    SLICE_X59Y37         FDRE                                         r  exp2_i/uart_rx_0/inst/reset_uart_clk_reg/C
  -------------------------------------------------------------------    -------------------
    SLICE_X59Y37         FDRE (Prop_fdre_C_Q)         0.456     5.610 f  exp2_i/uart_rx_0/inst/reset_uart_clk_reg/Q
                         net (fo=2, routed)           0.585     6.196    exp2_i/OR_0/rst_uart
    SLICE_X59Y36         LUT2 (Prop_lut2_I1_O)        0.150     6.346 f  exp2_i/OR_0/uart_clk_rst_INST_0/O
                         net (fo=11, routed)          1.249     7.595    exp2_i/modular_clk_div_1/inst/rst
    SLICE_X61Y20         FDCE                                         f  exp2_i/modular_clk_div_1/inst/count_reg[2]/CLR
  -------------------------------------------------------------------    -------------------

                         (clock sys_clk_pin rise edge)
                                                     10.000    10.000 r  
    W5                                                0.000    10.000 r  clk (IN)
                         net (fo=0)                   0.000    10.000    clk
    W5                   IBUF (Prop_ibuf_I_O)         1.388    11.388 r  clk_IBUF_inst/O
                         net (fo=1, routed)           1.862    13.250    clk_IBUF
    BUFGCTRL_X0Y0        BUFG (Prop_bufg_I_O)         0.091    13.341 r  clk_IBUF_BUFG_inst/O
                         net (fo=73, routed)          1.507    14.848    exp2_i/modular_clk_div_1/inst/clk
    SLICE_X61Y20         FDCE                                         r  exp2_i/modular_clk_div_1/inst/count_reg[2]/C
                         clock pessimism              0.260    15.108    
                         clock uncertainty           -0.035    15.073    
    SLICE_X61Y20         FDCE (Recov_fdce_C_CLR)     -0.607    14.466    exp2_i/modular_clk_div_1/inst/count_reg[2]
  -------------------------------------------------------------------
                         required time                         14.466    
                         arrival time                          -7.595    
  -------------------------------------------------------------------
                         slack                                  6.871    

Slack (MET) :             6.878ns  (required time - arrival time)
  Source:                 exp2_i/uart_rx_0/inst/reset_uart_clk_reg/C
                            (rising edge-triggered cell FDRE clocked by sys_clk_pin  {rise@0.000ns fall@5.000ns period=10.000ns})
  Destination:            exp2_i/modular_clk_div_1/inst/count_reg[1]/CLR
                            (recovery check against rising-edge clock sys_clk_pin  {rise@0.000ns fall@5.000ns period=10.000ns})
  Path Group:             **async_default**
  Path Type:              Recovery (Max at Slow Process Corner)
  Requirement:            10.000ns  (sys_clk_pin rise@10.000ns - sys_clk_pin rise@0.000ns)
  Data Path Delay:        2.434ns  (logic 0.606ns (24.900%)  route 1.828ns (75.100%))
  Logic Levels:           1  (LUT2=1)
  Clock Path Skew:        -0.046ns (DCD - SCD + CPR)
    Destination Clock Delay (DCD):    4.848ns = ( 14.848 - 10.000 ) 
    Source Clock Delay      (SCD):    5.154ns
    Clock Pessimism Removal (CPR):    0.260ns
  Clock Uncertainty:      0.035ns  ((TSJ^2 + TIJ^2)^1/2 + DJ) / 2 + PE
    Total System Jitter     (TSJ):    0.071ns
    Total Input Jitter      (TIJ):    0.000ns
    Discrete Jitter          (DJ):    0.000ns
    Phase Error              (PE):    0.000ns

    Location             Delay type                Incr(ns)  Path(ns)    Netlist Resource(s)
  -------------------------------------------------------------------    -------------------
                         (clock sys_clk_pin rise edge)
                                                      0.000     0.000 r  
    W5                                                0.000     0.000 r  clk (IN)
                         net (fo=0)                   0.000     0.000    clk
    W5                   IBUF (Prop_ibuf_I_O)         1.458     1.458 r  clk_IBUF_inst/O
                         net (fo=1, routed)           1.967     3.425    clk_IBUF
    BUFGCTRL_X0Y0        BUFG (Prop_bufg_I_O)         0.096     3.521 r  clk_IBUF_BUFG_inst/O
                         net (fo=73, routed)          1.633     5.154    exp2_i/uart_rx_0/inst/clk
    SLICE_X59Y37         FDRE                                         r  exp2_i/uart_rx_0/inst/reset_uart_clk_reg/C
  -------------------------------------------------------------------    -------------------
    SLICE_X59Y37         FDRE (Prop_fdre_C_Q)         0.456     5.610 f  exp2_i/uart_rx_0/inst/reset_uart_clk_reg/Q
                         net (fo=2, routed)           0.585     6.196    exp2_i/OR_0/rst_uart
    SLICE_X59Y36         LUT2 (Prop_lut2_I1_O)        0.150     6.346 f  exp2_i/OR_0/uart_clk_rst_INST_0/O
                         net (fo=11, routed)          1.242     7.588    exp2_i/modular_clk_div_1/inst/rst
    SLICE_X59Y20         FDCE                                         f  exp2_i/modular_clk_div_1/inst/count_reg[1]/CLR
  -------------------------------------------------------------------    -------------------

                         (clock sys_clk_pin rise edge)
                                                     10.000    10.000 r  
    W5                                                0.000    10.000 r  clk (IN)
                         net (fo=0)                   0.000    10.000    clk
    W5                   IBUF (Prop_ibuf_I_O)         1.388    11.388 r  clk_IBUF_inst/O
                         net (fo=1, routed)           1.862    13.250    clk_IBUF
    BUFGCTRL_X0Y0        BUFG (Prop_bufg_I_O)         0.091    13.341 r  clk_IBUF_BUFG_inst/O
                         net (fo=73, routed)          1.507    14.848    exp2_i/modular_clk_div_1/inst/clk
    SLICE_X59Y20         FDCE                                         r  exp2_i/modular_clk_div_1/inst/count_reg[1]/C
                         clock pessimism              0.260    15.108    
                         clock uncertainty           -0.035    15.073    
    SLICE_X59Y20         FDCE (Recov_fdce_C_CLR)     -0.607    14.466    exp2_i/modular_clk_div_1/inst/count_reg[1]
  -------------------------------------------------------------------
                         required time                         14.466    
                         arrival time                          -7.588    
  -------------------------------------------------------------------
                         slack                                  6.878    

Slack (MET) :             6.878ns  (required time - arrival time)
  Source:                 exp2_i/uart_rx_0/inst/reset_uart_clk_reg/C
                            (rising edge-triggered cell FDRE clocked by sys_clk_pin  {rise@0.000ns fall@5.000ns period=10.000ns})
  Destination:            exp2_i/modular_clk_div_1/inst/count_reg[4]/CLR
                            (recovery check against rising-edge clock sys_clk_pin  {rise@0.000ns fall@5.000ns period=10.000ns})
  Path Group:             **async_default**
  Path Type:              Recovery (Max at Slow Process Corner)
  Requirement:            10.000ns  (sys_clk_pin rise@10.000ns - sys_clk_pin rise@0.000ns)
  Data Path Delay:        2.434ns  (logic 0.606ns (24.900%)  route 1.828ns (75.100%))
  Logic Levels:           1  (LUT2=1)
  Clock Path Skew:        -0.046ns (DCD - SCD + CPR)
    Destination Clock Delay (DCD):    4.848ns = ( 14.848 - 10.000 ) 
    Source Clock Delay      (SCD):    5.154ns
    Clock Pessimism Removal (CPR):    0.260ns
  Clock Uncertainty:      0.035ns  ((TSJ^2 + TIJ^2)^1/2 + DJ) / 2 + PE
    Total System Jitter     (TSJ):    0.071ns
    Total Input Jitter      (TIJ):    0.000ns
    Discrete Jitter          (DJ):    0.000ns
    Phase Error              (PE):    0.000ns

    Location             Delay type                Incr(ns)  Path(ns)    Netlist Resource(s)
  -------------------------------------------------------------------    -------------------
                         (clock sys_clk_pin rise edge)
                                                      0.000     0.000 r  
    W5                                                0.000     0.000 r  clk (IN)
                         net (fo=0)                   0.000     0.000    clk
    W5                   IBUF (Prop_ibuf_I_O)         1.458     1.458 r  clk_IBUF_inst/O
                         net (fo=1, routed)           1.967     3.425    clk_IBUF
    BUFGCTRL_X0Y0        BUFG (Prop_bufg_I_O)         0.096     3.521 r  clk_IBUF_BUFG_inst/O
                         net (fo=73, routed)          1.633     5.154    exp2_i/uart_rx_0/inst/clk
    SLICE_X59Y37         FDRE                                         r  exp2_i/uart_rx_0/inst/reset_uart_clk_reg/C
  -------------------------------------------------------------------    -------------------
    SLICE_X59Y37         FDRE (Prop_fdre_C_Q)         0.456     5.610 f  exp2_i/uart_rx_0/inst/reset_uart_clk_reg/Q
                         net (fo=2, routed)           0.585     6.196    exp2_i/OR_0/rst_uart
    SLICE_X59Y36         LUT2 (Prop_lut2_I1_O)        0.150     6.346 f  exp2_i/OR_0/uart_clk_rst_INST_0/O
                         net (fo=11, routed)          1.242     7.588    exp2_i/modular_clk_div_1/inst/rst
    SLICE_X59Y20         FDCE                                         f  exp2_i/modular_clk_div_1/inst/count_reg[4]/CLR
  -------------------------------------------------------------------    -------------------

                         (clock sys_clk_pin rise edge)
                                                     10.000    10.000 r  
    W5                                                0.000    10.000 r  clk (IN)
                         net (fo=0)                   0.000    10.000    clk
    W5                   IBUF (Prop_ibuf_I_O)         1.388    11.388 r  clk_IBUF_inst/O
                         net (fo=1, routed)           1.862    13.250    clk_IBUF
    BUFGCTRL_X0Y0        BUFG (Prop_bufg_I_O)         0.091    13.341 r  clk_IBUF_BUFG_inst/O
                         net (fo=73, routed)          1.507    14.848    exp2_i/modular_clk_div_1/inst/clk
    SLICE_X59Y20         FDCE                                         r  exp2_i/modular_clk_div_1/inst/count_reg[4]/C
                         clock pessimism              0.260    15.108    
                         clock uncertainty           -0.035    15.073    
    SLICE_X59Y20         FDCE (Recov_fdce_C_CLR)     -0.607    14.466    exp2_i/modular_clk_div_1/inst/count_reg[4]
  -------------------------------------------------------------------
                         required time                         14.466    
                         arrival time                          -7.588    
  -------------------------------------------------------------------
                         slack                                  6.878    

Slack (MET) :             6.878ns  (required time - arrival time)
  Source:                 exp2_i/uart_rx_0/inst/reset_uart_clk_reg/C
                            (rising edge-triggered cell FDRE clocked by sys_clk_pin  {rise@0.000ns fall@5.000ns period=10.000ns})
  Destination:            exp2_i/modular_clk_div_1/inst/count_reg[5]/CLR
                            (recovery check against rising-edge clock sys_clk_pin  {rise@0.000ns fall@5.000ns period=10.000ns})
  Path Group:             **async_default**
  Path Type:              Recovery (Max at Slow Process Corner)
  Requirement:            10.000ns  (sys_clk_pin rise@10.000ns - sys_clk_pin rise@0.000ns)
  Data Path Delay:        2.434ns  (logic 0.606ns (24.900%)  route 1.828ns (75.100%))
  Logic Levels:           1  (LUT2=1)
  Clock Path Skew:        -0.046ns (DCD - SCD + CPR)
    Destination Clock Delay (DCD):    4.848ns = ( 14.848 - 10.000 ) 
    Source Clock Delay      (SCD):    5.154ns
    Clock Pessimism Removal (CPR):    0.260ns
  Clock Uncertainty:      0.035ns  ((TSJ^2 + TIJ^2)^1/2 + DJ) / 2 + PE
    Total System Jitter     (TSJ):    0.071ns
    Total Input Jitter      (TIJ):    0.000ns
    Discrete Jitter          (DJ):    0.000ns
    Phase Error              (PE):    0.000ns

    Location             Delay type                Incr(ns)  Path(ns)    Netlist Resource(s)
  -------------------------------------------------------------------    -------------------
                         (clock sys_clk_pin rise edge)
                                                      0.000     0.000 r  
    W5                                                0.000     0.000 r  clk (IN)
                         net (fo=0)                   0.000     0.000    clk
    W5                   IBUF (Prop_ibuf_I_O)         1.458     1.458 r  clk_IBUF_inst/O
                         net (fo=1, routed)           1.967     3.425    clk_IBUF
    BUFGCTRL_X0Y0        BUFG (Prop_bufg_I_O)         0.096     3.521 r  clk_IBUF_BUFG_inst/O
                         net (fo=73, routed)          1.633     5.154    exp2_i/uart_rx_0/inst/clk
    SLICE_X59Y37         FDRE                                         r  exp2_i/uart_rx_0/inst/reset_uart_clk_reg/C
  -------------------------------------------------------------------    -------------------
    SLICE_X59Y37         FDRE (Prop_fdre_C_Q)         0.456     5.610 f  exp2_i/uart_rx_0/inst/reset_uart_clk_reg/Q
                         net (fo=2, routed)           0.585     6.196    exp2_i/OR_0/rst_uart
    SLICE_X59Y36         LUT2 (Prop_lut2_I1_O)        0.150     6.346 f  exp2_i/OR_0/uart_clk_rst_INST_0/O
                         net (fo=11, routed)          1.242     7.588    exp2_i/modular_clk_div_1/inst/rst
    SLICE_X59Y20         FDCE                                         f  exp2_i/modular_clk_div_1/inst/count_reg[5]/CLR
  -------------------------------------------------------------------    -------------------

                         (clock sys_clk_pin rise edge)
                                                     10.000    10.000 r  
    W5                                                0.000    10.000 r  clk (IN)
                         net (fo=0)                   0.000    10.000    clk
    W5                   IBUF (Prop_ibuf_I_O)         1.388    11.388 r  clk_IBUF_inst/O
                         net (fo=1, routed)           1.862    13.250    clk_IBUF
    BUFGCTRL_X0Y0        BUFG (Prop_bufg_I_O)         0.091    13.341 r  clk_IBUF_BUFG_inst/O
                         net (fo=73, routed)          1.507    14.848    exp2_i/modular_clk_div_1/inst/clk
    SLICE_X59Y20         FDCE                                         r  exp2_i/modular_clk_div_1/inst/count_reg[5]/C
                         clock pessimism              0.260    15.108    
                         clock uncertainty           -0.035    15.073    
    SLICE_X59Y20         FDCE (Recov_fdce_C_CLR)     -0.607    14.466    exp2_i/modular_clk_div_1/inst/count_reg[5]
  -------------------------------------------------------------------
                         required time                         14.466    
                         arrival time                          -7.588    
  -------------------------------------------------------------------
                         slack                                  6.878    

Slack (MET) :             6.957ns  (required time - arrival time)
  Source:                 exp2_i/uart_rx_0/inst/reset_uart_clk_reg/C
                            (rising edge-triggered cell FDRE clocked by sys_clk_pin  {rise@0.000ns fall@5.000ns period=10.000ns})
  Destination:            exp2_i/modular_clk_div_1/inst/count_reg[3]/CLR
                            (recovery check against rising-edge clock sys_clk_pin  {rise@0.000ns fall@5.000ns period=10.000ns})
  Path Group:             **async_default**
  Path Type:              Recovery (Max at Slow Process Corner)
  Requirement:            10.000ns  (sys_clk_pin rise@10.000ns - sys_clk_pin rise@0.000ns)
  Data Path Delay:        2.440ns  (logic 0.606ns (24.833%)  route 1.834ns (75.167%))
  Logic Levels:           1  (LUT2=1)
  Clock Path Skew:        -0.046ns (DCD - SCD + CPR)
    Destination Clock Delay (DCD):    4.848ns = ( 14.848 - 10.000 ) 
    Source Clock Delay      (SCD):    5.154ns
    Clock Pessimism Removal (CPR):    0.260ns
  Clock Uncertainty:      0.035ns  ((TSJ^2 + TIJ^2)^1/2 + DJ) / 2 + PE
    Total System Jitter     (TSJ):    0.071ns
    Total Input Jitter      (TIJ):    0.000ns
    Discrete Jitter          (DJ):    0.000ns
    Phase Error              (PE):    0.000ns

    Location             Delay type                Incr(ns)  Path(ns)    Netlist Resource(s)
  -------------------------------------------------------------------    -------------------
                         (clock sys_clk_pin rise edge)
                                                      0.000     0.000 r  
    W5                                                0.000     0.000 r  clk (IN)
                         net (fo=0)                   0.000     0.000    clk
    W5                   IBUF (Prop_ibuf_I_O)         1.458     1.458 r  clk_IBUF_inst/O
                         net (fo=1, routed)           1.967     3.425    clk_IBUF
    BUFGCTRL_X0Y0        BUFG (Prop_bufg_I_O)         0.096     3.521 r  clk_IBUF_BUFG_inst/O
                         net (fo=73, routed)          1.633     5.154    exp2_i/uart_rx_0/inst/clk
    SLICE_X59Y37         FDRE                                         r  exp2_i/uart_rx_0/inst/reset_uart_clk_reg/C
  -------------------------------------------------------------------    -------------------
    SLICE_X59Y37         FDRE (Prop_fdre_C_Q)         0.456     5.610 f  exp2_i/uart_rx_0/inst/reset_uart_clk_reg/Q
                         net (fo=2, routed)           0.585     6.196    exp2_i/OR_0/rst_uart
    SLICE_X59Y36         LUT2 (Prop_lut2_I1_O)        0.150     6.346 f  exp2_i/OR_0/uart_clk_rst_INST_0/O
                         net (fo=11, routed)          1.249     7.595    exp2_i/modular_clk_div_1/inst/rst
    SLICE_X60Y20         FDCE                                         f  exp2_i/modular_clk_div_1/inst/count_reg[3]/CLR
  -------------------------------------------------------------------    -------------------

                         (clock sys_clk_pin rise edge)
                                                     10.000    10.000 r  
    W5                                                0.000    10.000 r  clk (IN)
                         net (fo=0)                   0.000    10.000    clk
    W5                   IBUF (Prop_ibuf_I_O)         1.388    11.388 r  clk_IBUF_inst/O
                         net (fo=1, routed)           1.862    13.250    clk_IBUF
    BUFGCTRL_X0Y0        BUFG (Prop_bufg_I_O)         0.091    13.341 r  clk_IBUF_BUFG_inst/O
                         net (fo=73, routed)          1.507    14.848    exp2_i/modular_clk_div_1/inst/clk
    SLICE_X60Y20         FDCE                                         r  exp2_i/modular_clk_div_1/inst/count_reg[3]/C
                         clock pessimism              0.260    15.108    
                         clock uncertainty           -0.035    15.073    
    SLICE_X60Y20         FDCE (Recov_fdce_C_CLR)     -0.521    14.552    exp2_i/modular_clk_div_1/inst/count_reg[3]
  -------------------------------------------------------------------
                         required time                         14.552    
                         arrival time                          -7.595    
  -------------------------------------------------------------------
                         slack                                  6.957    

Slack (MET) :             7.061ns  (required time - arrival time)
  Source:                 exp2_i/uart_rx_0/inst/reset_uart_clk_reg/C
                            (rising edge-triggered cell FDRE clocked by sys_clk_pin  {rise@0.000ns fall@5.000ns period=10.000ns})
  Destination:            exp2_i/modular_clk_div_1/inst/count_reg[8]/CLR
                            (recovery check against rising-edge clock sys_clk_pin  {rise@0.000ns fall@5.000ns period=10.000ns})
  Path Group:             **async_default**
  Path Type:              Recovery (Max at Slow Process Corner)
  Requirement:            10.000ns  (sys_clk_pin rise@10.000ns - sys_clk_pin rise@0.000ns)
  Data Path Delay:        2.292ns  (logic 0.606ns (26.441%)  route 1.686ns (73.559%))
  Logic Levels:           1  (LUT2=1)
  Clock Path Skew:        -0.049ns (DCD - SCD + CPR)
    Destination Clock Delay (DCD):    4.845ns = ( 14.845 - 10.000 ) 
    Source Clock Delay      (SCD):    5.154ns
    Clock Pessimism Removal (CPR):    0.260ns
  Clock Uncertainty:      0.035ns  ((TSJ^2 + TIJ^2)^1/2 + DJ) / 2 + PE
    Total System Jitter     (TSJ):    0.071ns
    Total Input Jitter      (TIJ):    0.000ns
    Discrete Jitter          (DJ):    0.000ns
    Phase Error              (PE):    0.000ns

    Location             Delay type                Incr(ns)  Path(ns)    Netlist Resource(s)
  -------------------------------------------------------------------    -------------------
                         (clock sys_clk_pin rise edge)
                                                      0.000     0.000 r  
    W5                                                0.000     0.000 r  clk (IN)
                         net (fo=0)                   0.000     0.000    clk
    W5                   IBUF (Prop_ibuf_I_O)         1.458     1.458 r  clk_IBUF_inst/O
                         net (fo=1, routed)           1.967     3.425    clk_IBUF
    BUFGCTRL_X0Y0        BUFG (Prop_bufg_I_O)         0.096     3.521 r  clk_IBUF_BUFG_inst/O
                         net (fo=73, routed)          1.633     5.154    exp2_i/uart_rx_0/inst/clk
    SLICE_X59Y37         FDRE                                         r  exp2_i/uart_rx_0/inst/reset_uart_clk_reg/C
  -------------------------------------------------------------------    -------------------
    SLICE_X59Y37         FDRE (Prop_fdre_C_Q)         0.456     5.610 f  exp2_i/uart_rx_0/inst/reset_uart_clk_reg/Q
                         net (fo=2, routed)           0.585     6.196    exp2_i/OR_0/rst_uart
    SLICE_X59Y36         LUT2 (Prop_lut2_I1_O)        0.150     6.346 f  exp2_i/OR_0/uart_clk_rst_INST_0/O
                         net (fo=11, routed)          1.101     7.446    exp2_i/modular_clk_div_1/inst/rst
    SLICE_X60Y22         FDCE                                         f  exp2_i/modular_clk_div_1/inst/count_reg[8]/CLR
  -------------------------------------------------------------------    -------------------

                         (clock sys_clk_pin rise edge)
                                                     10.000    10.000 r  
    W5                                                0.000    10.000 r  clk (IN)
                         net (fo=0)                   0.000    10.000    clk
    W5                   IBUF (Prop_ibuf_I_O)         1.388    11.388 r  clk_IBUF_inst/O
                         net (fo=1, routed)           1.862    13.250    clk_IBUF
    BUFGCTRL_X0Y0        BUFG (Prop_bufg_I_O)         0.091    13.341 r  clk_IBUF_BUFG_inst/O
                         net (fo=73, routed)          1.504    14.845    exp2_i/modular_clk_div_1/inst/clk
    SLICE_X60Y22         FDCE                                         r  exp2_i/modular_clk_div_1/inst/count_reg[8]/C
                         clock pessimism              0.260    15.105    
                         clock uncertainty           -0.035    15.070    
    SLICE_X60Y22         FDCE (Recov_fdce_C_CLR)     -0.563    14.507    exp2_i/modular_clk_div_1/inst/count_reg[8]
  -------------------------------------------------------------------
                         required time                         14.507    
                         arrival time                          -7.446    
  -------------------------------------------------------------------
                         slack                                  7.061    

Slack (MET) :             7.103ns  (required time - arrival time)
  Source:                 exp2_i/uart_rx_0/inst/reset_uart_clk_reg/C
                            (rising edge-triggered cell FDRE clocked by sys_clk_pin  {rise@0.000ns fall@5.000ns period=10.000ns})
  Destination:            exp2_i/modular_clk_div_1/inst/count_reg[6]/CLR
                            (recovery check against rising-edge clock sys_clk_pin  {rise@0.000ns fall@5.000ns period=10.000ns})
  Path Group:             **async_default**
  Path Type:              Recovery (Max at Slow Process Corner)
  Requirement:            10.000ns  (sys_clk_pin rise@10.000ns - sys_clk_pin rise@0.000ns)
  Data Path Delay:        2.292ns  (logic 0.606ns (26.441%)  route 1.686ns (73.559%))
  Logic Levels:           1  (LUT2=1)
  Clock Path Skew:        -0.049ns (DCD - SCD + CPR)
    Destination Clock Delay (DCD):    4.845ns = ( 14.845 - 10.000 ) 
    Source Clock Delay      (SCD):    5.154ns
    Clock Pessimism Removal (CPR):    0.260ns
  Clock Uncertainty:      0.035ns  ((TSJ^2 + TIJ^2)^1/2 + DJ) / 2 + PE
    Total System Jitter     (TSJ):    0.071ns
    Total Input Jitter      (TIJ):    0.000ns
    Discrete Jitter          (DJ):    0.000ns
    Phase Error              (PE):    0.000ns

    Location             Delay type                Incr(ns)  Path(ns)    Netlist Resource(s)
  -------------------------------------------------------------------    -------------------
                         (clock sys_clk_pin rise edge)
                                                      0.000     0.000 r  
    W5                                                0.000     0.000 r  clk (IN)
                         net (fo=0)                   0.000     0.000    clk
    W5                   IBUF (Prop_ibuf_I_O)         1.458     1.458 r  clk_IBUF_inst/O
                         net (fo=1, routed)           1.967     3.425    clk_IBUF
    BUFGCTRL_X0Y0        BUFG (Prop_bufg_I_O)         0.096     3.521 r  clk_IBUF_BUFG_inst/O
                         net (fo=73, routed)          1.633     5.154    exp2_i/uart_rx_0/inst/clk
    SLICE_X59Y37         FDRE                                         r  exp2_i/uart_rx_0/inst/reset_uart_clk_reg/C
  -------------------------------------------------------------------    -------------------
    SLICE_X59Y37         FDRE (Prop_fdre_C_Q)         0.456     5.610 f  exp2_i/uart_rx_0/inst/reset_uart_clk_reg/Q
                         net (fo=2, routed)           0.585     6.196    exp2_i/OR_0/rst_uart
    SLICE_X59Y36         LUT2 (Prop_lut2_I1_O)        0.150     6.346 f  exp2_i/OR_0/uart_clk_rst_INST_0/O
                         net (fo=11, routed)          1.101     7.446    exp2_i/modular_clk_div_1/inst/rst
    SLICE_X60Y22         FDCE                                         f  exp2_i/modular_clk_div_1/inst/count_reg[6]/CLR
  -------------------------------------------------------------------    -------------------

                         (clock sys_clk_pin rise edge)
                                                     10.000    10.000 r  
    W5                                                0.000    10.000 r  clk (IN)
                         net (fo=0)                   0.000    10.000    clk
    W5                   IBUF (Prop_ibuf_I_O)         1.388    11.388 r  clk_IBUF_inst/O
                         net (fo=1, routed)           1.862    13.250    clk_IBUF
    BUFGCTRL_X0Y0        BUFG (Prop_bufg_I_O)         0.091    13.341 r  clk_IBUF_BUFG_inst/O
                         net (fo=73, routed)          1.504    14.845    exp2_i/modular_clk_div_1/inst/clk
    SLICE_X60Y22         FDCE                                         r  exp2_i/modular_clk_div_1/inst/count_reg[6]/C
                         clock pessimism              0.260    15.105    
                         clock uncertainty           -0.035    15.070    
    SLICE_X60Y22         FDCE (Recov_fdce_C_CLR)     -0.521    14.549    exp2_i/modular_clk_div_1/inst/count_reg[6]
  -------------------------------------------------------------------
                         required time                         14.549    
                         arrival time                          -7.446    
  -------------------------------------------------------------------
                         slack                                  7.103    

Slack (MET) :             7.103ns  (required time - arrival time)
  Source:                 exp2_i/uart_rx_0/inst/reset_uart_clk_reg/C
                            (rising edge-triggered cell FDRE clocked by sys_clk_pin  {rise@0.000ns fall@5.000ns period=10.000ns})
  Destination:            exp2_i/modular_clk_div_1/inst/count_reg[7]/CLR
                            (recovery check against rising-edge clock sys_clk_pin  {rise@0.000ns fall@5.000ns period=10.000ns})
  Path Group:             **async_default**
  Path Type:              Recovery (Max at Slow Process Corner)
  Requirement:            10.000ns  (sys_clk_pin rise@10.000ns - sys_clk_pin rise@0.000ns)
  Data Path Delay:        2.292ns  (logic 0.606ns (26.441%)  route 1.686ns (73.559%))
  Logic Levels:           1  (LUT2=1)
  Clock Path Skew:        -0.049ns (DCD - SCD + CPR)
    Destination Clock Delay (DCD):    4.845ns = ( 14.845 - 10.000 ) 
    Source Clock Delay      (SCD):    5.154ns
    Clock Pessimism Removal (CPR):    0.260ns
  Clock Uncertainty:      0.035ns  ((TSJ^2 + TIJ^2)^1/2 + DJ) / 2 + PE
    Total System Jitter     (TSJ):    0.071ns
    Total Input Jitter      (TIJ):    0.000ns
    Discrete Jitter          (DJ):    0.000ns
    Phase Error              (PE):    0.000ns

    Location             Delay type                Incr(ns)  Path(ns)    Netlist Resource(s)
  -------------------------------------------------------------------    -------------------
                         (clock sys_clk_pin rise edge)
                                                      0.000     0.000 r  
    W5                                                0.000     0.000 r  clk (IN)
                         net (fo=0)                   0.000     0.000    clk
    W5                   IBUF (Prop_ibuf_I_O)         1.458     1.458 r  clk_IBUF_inst/O
                         net (fo=1, routed)           1.967     3.425    clk_IBUF
    BUFGCTRL_X0Y0        BUFG (Prop_bufg_I_O)         0.096     3.521 r  clk_IBUF_BUFG_inst/O
                         net (fo=73, routed)          1.633     5.154    exp2_i/uart_rx_0/inst/clk
    SLICE_X59Y37         FDRE                                         r  exp2_i/uart_rx_0/inst/reset_uart_clk_reg/C
  -------------------------------------------------------------------    -------------------
    SLICE_X59Y37         FDRE (Prop_fdre_C_Q)         0.456     5.610 f  exp2_i/uart_rx_0/inst/reset_uart_clk_reg/Q
                         net (fo=2, routed)           0.585     6.196    exp2_i/OR_0/rst_uart
    SLICE_X59Y36         LUT2 (Prop_lut2_I1_O)        0.150     6.346 f  exp2_i/OR_0/uart_clk_rst_INST_0/O
                         net (fo=11, routed)          1.101     7.446    exp2_i/modular_clk_div_1/inst/rst
    SLICE_X60Y22         FDCE                                         f  exp2_i/modular_clk_div_1/inst/count_reg[7]/CLR
  -------------------------------------------------------------------    -------------------

                         (clock sys_clk_pin rise edge)
                                                     10.000    10.000 r  
    W5                                                0.000    10.000 r  clk (IN)
                         net (fo=0)                   0.000    10.000    clk
    W5                   IBUF (Prop_ibuf_I_O)         1.388    11.388 r  clk_IBUF_inst/O
                         net (fo=1, routed)           1.862    13.250    clk_IBUF
    BUFGCTRL_X0Y0        BUFG (Prop_bufg_I_O)         0.091    13.341 r  clk_IBUF_BUFG_inst/O
                         net (fo=73, routed)          1.504    14.845    exp2_i/modular_clk_div_1/inst/clk
    SLICE_X60Y22         FDCE                                         r  exp2_i/modular_clk_div_1/inst/count_reg[7]/C
                         clock pessimism              0.260    15.105    
                         clock uncertainty           -0.035    15.070    
    SLICE_X60Y22         FDCE (Recov_fdce_C_CLR)     -0.521    14.549    exp2_i/modular_clk_div_1/inst/count_reg[7]
  -------------------------------------------------------------------
                         required time                         14.549    
                         arrival time                          -7.446    
  -------------------------------------------------------------------
                         slack                                  7.103    

Slack (MET) :             7.125ns  (required time - arrival time)
  Source:                 exp2_i/uart_rx_0/inst/reset_uart_clk_reg/C
                            (rising edge-triggered cell FDRE clocked by sys_clk_pin  {rise@0.000ns fall@5.000ns period=10.000ns})
  Destination:            exp2_i/modular_clk_div_1/inst/clk_div_reg/CLR
                            (recovery check against rising-edge clock sys_clk_pin  {rise@0.000ns fall@5.000ns period=10.000ns})
  Path Group:             **async_default**
  Path Type:              Recovery (Max at Slow Process Corner)
  Requirement:            10.000ns  (sys_clk_pin rise@10.000ns - sys_clk_pin rise@0.000ns)
  Data Path Delay:        2.184ns  (logic 0.606ns (27.746%)  route 1.578ns (72.254%))
  Logic Levels:           1  (LUT2=1)
  Clock Path Skew:        -0.049ns (DCD - SCD + CPR)
    Destination Clock Delay (DCD):    4.845ns = ( 14.845 - 10.000 ) 
    Source Clock Delay      (SCD):    5.154ns
    Clock Pessimism Removal (CPR):    0.260ns
  Clock Uncertainty:      0.035ns  ((TSJ^2 + TIJ^2)^1/2 + DJ) / 2 + PE
    Total System Jitter     (TSJ):    0.071ns
    Total Input Jitter      (TIJ):    0.000ns
    Discrete Jitter          (DJ):    0.000ns
    Phase Error              (PE):    0.000ns

    Location             Delay type                Incr(ns)  Path(ns)    Netlist Resource(s)
  -------------------------------------------------------------------    -------------------
                         (clock sys_clk_pin rise edge)
                                                      0.000     0.000 r  
    W5                                                0.000     0.000 r  clk (IN)
                         net (fo=0)                   0.000     0.000    clk
    W5                   IBUF (Prop_ibuf_I_O)         1.458     1.458 r  clk_IBUF_inst/O
                         net (fo=1, routed)           1.967     3.425    clk_IBUF
    BUFGCTRL_X0Y0        BUFG (Prop_bufg_I_O)         0.096     3.521 r  clk_IBUF_BUFG_inst/O
                         net (fo=73, routed)          1.633     5.154    exp2_i/uart_rx_0/inst/clk
    SLICE_X59Y37         FDRE                                         r  exp2_i/uart_rx_0/inst/reset_uart_clk_reg/C
  -------------------------------------------------------------------    -------------------
    SLICE_X59Y37         FDRE (Prop_fdre_C_Q)         0.456     5.610 f  exp2_i/uart_rx_0/inst/reset_uart_clk_reg/Q
                         net (fo=2, routed)           0.585     6.196    exp2_i/OR_0/rst_uart
    SLICE_X59Y36         LUT2 (Prop_lut2_I1_O)        0.150     6.346 f  exp2_i/OR_0/uart_clk_rst_INST_0/O
                         net (fo=11, routed)          0.993     7.338    exp2_i/modular_clk_div_1/inst/rst
    SLICE_X59Y22         FDCE                                         f  exp2_i/modular_clk_div_1/inst/clk_div_reg/CLR
  -------------------------------------------------------------------    -------------------

                         (clock sys_clk_pin rise edge)
                                                     10.000    10.000 r  
    W5                                                0.000    10.000 r  clk (IN)
                         net (fo=0)                   0.000    10.000    clk
    W5                   IBUF (Prop_ibuf_I_O)         1.388    11.388 r  clk_IBUF_inst/O
                         net (fo=1, routed)           1.862    13.250    clk_IBUF
    BUFGCTRL_X0Y0        BUFG (Prop_bufg_I_O)         0.091    13.341 r  clk_IBUF_BUFG_inst/O
                         net (fo=73, routed)          1.504    14.845    exp2_i/modular_clk_div_1/inst/clk
    SLICE_X59Y22         FDCE                                         r  exp2_i/modular_clk_div_1/inst/clk_div_reg/C
                         clock pessimism              0.260    15.105    
                         clock uncertainty           -0.035    15.070    
    SLICE_X59Y22         FDCE (Recov_fdce_C_CLR)     -0.607    14.463    exp2_i/modular_clk_div_1/inst/clk_div_reg
  -------------------------------------------------------------------
                         required time                         14.463    
                         arrival time                          -7.338    
  -------------------------------------------------------------------
                         slack                                  7.125    





Min Delay Paths
--------------------------------------------------------------------------------------
Slack (MET) :             0.922ns  (arrival time - required time)
  Source:                 exp2_i/uart_rx_0/inst/reset_uart_clk_reg/C
                            (rising edge-triggered cell FDRE clocked by sys_clk_pin  {rise@0.000ns fall@5.000ns period=10.000ns})
  Destination:            exp2_i/modular_clk_div_1/inst/clk_div_reg/CLR
                            (removal check against rising-edge clock sys_clk_pin  {rise@0.000ns fall@5.000ns period=10.000ns})
  Path Group:             **async_default**
  Path Type:              Removal (Min at Fast Process Corner)
  Requirement:            0.000ns  (sys_clk_pin rise@0.000ns - sys_clk_pin rise@0.000ns)
  Data Path Delay:        0.794ns  (logic 0.187ns (23.549%)  route 0.607ns (76.451%))
  Logic Levels:           1  (LUT2=1)
  Clock Path Skew:        0.026ns (DCD - SCD - CPR)
    Destination Clock Delay (DCD):    1.978ns
    Source Clock Delay      (SCD):    1.474ns
    Clock Pessimism Removal (CPR):    0.478ns

    Location             Delay type                Incr(ns)  Path(ns)    Netlist Resource(s)
  -------------------------------------------------------------------    -------------------
                         (clock sys_clk_pin rise edge)
                                                      0.000     0.000 r  
    W5                                                0.000     0.000 r  clk (IN)
                         net (fo=0)                   0.000     0.000    clk
    W5                   IBUF (Prop_ibuf_I_O)         0.226     0.226 r  clk_IBUF_inst/O
                         net (fo=1, routed)           0.631     0.858    clk_IBUF
    BUFGCTRL_X0Y0        BUFG (Prop_bufg_I_O)         0.026     0.884 r  clk_IBUF_BUFG_inst/O
                         net (fo=73, routed)          0.591     1.474    exp2_i/uart_rx_0/inst/clk
    SLICE_X59Y37         FDRE                                         r  exp2_i/uart_rx_0/inst/reset_uart_clk_reg/C
  -------------------------------------------------------------------    -------------------
    SLICE_X59Y37         FDRE (Prop_fdre_C_Q)         0.141     1.615 f  exp2_i/uart_rx_0/inst/reset_uart_clk_reg/Q
                         net (fo=2, routed)           0.200     1.815    exp2_i/OR_0/rst_uart
    SLICE_X59Y36         LUT2 (Prop_lut2_I1_O)        0.046     1.861 f  exp2_i/OR_0/uart_clk_rst_INST_0/O
                         net (fo=11, routed)          0.407     2.268    exp2_i/modular_clk_div_1/inst/rst
    SLICE_X59Y22         FDCE                                         f  exp2_i/modular_clk_div_1/inst/clk_div_reg/CLR
  -------------------------------------------------------------------    -------------------

                         (clock sys_clk_pin rise edge)
                                                      0.000     0.000 r  
    W5                                                0.000     0.000 r  clk (IN)
                         net (fo=0)                   0.000     0.000    clk
    W5                   IBUF (Prop_ibuf_I_O)         0.414     0.414 r  clk_IBUF_inst/O
                         net (fo=1, routed)           0.685     1.099    clk_IBUF
    BUFGCTRL_X0Y0        BUFG (Prop_bufg_I_O)         0.029     1.128 r  clk_IBUF_BUFG_inst/O
                         net (fo=73, routed)          0.851     1.978    exp2_i/modular_clk_div_1/inst/clk
    SLICE_X59Y22         FDCE                                         r  exp2_i/modular_clk_div_1/inst/clk_div_reg/C
                         clock pessimism             -0.478     1.500    
    SLICE_X59Y22         FDCE (Remov_fdce_C_CLR)     -0.154     1.346    exp2_i/modular_clk_div_1/inst/clk_div_reg
  -------------------------------------------------------------------
                         required time                         -1.346    
                         arrival time                           2.268    
  -------------------------------------------------------------------
                         slack                                  0.922    

Slack (MET) :             0.945ns  (arrival time - required time)
  Source:                 exp2_i/uart_rx_0/inst/reset_uart_clk_reg/C
                            (rising edge-triggered cell FDRE clocked by sys_clk_pin  {rise@0.000ns fall@5.000ns period=10.000ns})
  Destination:            exp2_i/modular_clk_div_1/inst/count_reg[6]/CLR
                            (removal check against rising-edge clock sys_clk_pin  {rise@0.000ns fall@5.000ns period=10.000ns})
  Path Group:             **async_default**
  Path Type:              Removal (Min at Fast Process Corner)
  Requirement:            0.000ns  (sys_clk_pin rise@0.000ns - sys_clk_pin rise@0.000ns)
  Data Path Delay:        0.842ns  (logic 0.187ns (22.213%)  route 0.655ns (77.787%))
  Logic Levels:           1  (LUT2=1)
  Clock Path Skew:        0.026ns (DCD - SCD - CPR)
    Destination Clock Delay (DCD):    1.978ns
    Source Clock Delay      (SCD):    1.474ns
    Clock Pessimism Removal (CPR):    0.478ns

    Location             Delay type                Incr(ns)  Path(ns)    Netlist Resource(s)
  -------------------------------------------------------------------    -------------------
                         (clock sys_clk_pin rise edge)
                                                      0.000     0.000 r  
    W5                                                0.000     0.000 r  clk (IN)
                         net (fo=0)                   0.000     0.000    clk
    W5                   IBUF (Prop_ibuf_I_O)         0.226     0.226 r  clk_IBUF_inst/O
                         net (fo=1, routed)           0.631     0.858    clk_IBUF
    BUFGCTRL_X0Y0        BUFG (Prop_bufg_I_O)         0.026     0.884 r  clk_IBUF_BUFG_inst/O
                         net (fo=73, routed)          0.591     1.474    exp2_i/uart_rx_0/inst/clk
    SLICE_X59Y37         FDRE                                         r  exp2_i/uart_rx_0/inst/reset_uart_clk_reg/C
  -------------------------------------------------------------------    -------------------
    SLICE_X59Y37         FDRE (Prop_fdre_C_Q)         0.141     1.615 f  exp2_i/uart_rx_0/inst/reset_uart_clk_reg/Q
                         net (fo=2, routed)           0.200     1.815    exp2_i/OR_0/rst_uart
    SLICE_X59Y36         LUT2 (Prop_lut2_I1_O)        0.046     1.861 f  exp2_i/OR_0/uart_clk_rst_INST_0/O
                         net (fo=11, routed)          0.455     2.316    exp2_i/modular_clk_div_1/inst/rst
    SLICE_X60Y22         FDCE                                         f  exp2_i/modular_clk_div_1/inst/count_reg[6]/CLR
  -------------------------------------------------------------------    -------------------

                         (clock sys_clk_pin rise edge)
                                                      0.000     0.000 r  
    W5                                                0.000     0.000 r  clk (IN)
                         net (fo=0)                   0.000     0.000    clk
    W5                   IBUF (Prop_ibuf_I_O)         0.414     0.414 r  clk_IBUF_inst/O
                         net (fo=1, routed)           0.685     1.099    clk_IBUF
    BUFGCTRL_X0Y0        BUFG (Prop_bufg_I_O)         0.029     1.128 r  clk_IBUF_BUFG_inst/O
                         net (fo=73, routed)          0.851     1.978    exp2_i/modular_clk_div_1/inst/clk
    SLICE_X60Y22         FDCE                                         r  exp2_i/modular_clk_div_1/inst/count_reg[6]/C
                         clock pessimism             -0.478     1.500    
    SLICE_X60Y22         FDCE (Remov_fdce_C_CLR)     -0.129     1.371    exp2_i/modular_clk_div_1/inst/count_reg[6]
  -------------------------------------------------------------------
                         required time                         -1.371    
                         arrival time                           2.316    
  -------------------------------------------------------------------
                         slack                                  0.945    

Slack (MET) :             0.945ns  (arrival time - required time)
  Source:                 exp2_i/uart_rx_0/inst/reset_uart_clk_reg/C
                            (rising edge-triggered cell FDRE clocked by sys_clk_pin  {rise@0.000ns fall@5.000ns period=10.000ns})
  Destination:            exp2_i/modular_clk_div_1/inst/count_reg[7]/CLR
                            (removal check against rising-edge clock sys_clk_pin  {rise@0.000ns fall@5.000ns period=10.000ns})
  Path Group:             **async_default**
  Path Type:              Removal (Min at Fast Process Corner)
  Requirement:            0.000ns  (sys_clk_pin rise@0.000ns - sys_clk_pin rise@0.000ns)
  Data Path Delay:        0.842ns  (logic 0.187ns (22.213%)  route 0.655ns (77.787%))
  Logic Levels:           1  (LUT2=1)
  Clock Path Skew:        0.026ns (DCD - SCD - CPR)
    Destination Clock Delay (DCD):    1.978ns
    Source Clock Delay      (SCD):    1.474ns
    Clock Pessimism Removal (CPR):    0.478ns

    Location             Delay type                Incr(ns)  Path(ns)    Netlist Resource(s)
  -------------------------------------------------------------------    -------------------
                         (clock sys_clk_pin rise edge)
                                                      0.000     0.000 r  
    W5                                                0.000     0.000 r  clk (IN)
                         net (fo=0)                   0.000     0.000    clk
    W5                   IBUF (Prop_ibuf_I_O)         0.226     0.226 r  clk_IBUF_inst/O
                         net (fo=1, routed)           0.631     0.858    clk_IBUF
    BUFGCTRL_X0Y0        BUFG (Prop_bufg_I_O)         0.026     0.884 r  clk_IBUF_BUFG_inst/O
                         net (fo=73, routed)          0.591     1.474    exp2_i/uart_rx_0/inst/clk
    SLICE_X59Y37         FDRE                                         r  exp2_i/uart_rx_0/inst/reset_uart_clk_reg/C
  -------------------------------------------------------------------    -------------------
    SLICE_X59Y37         FDRE (Prop_fdre_C_Q)         0.141     1.615 f  exp2_i/uart_rx_0/inst/reset_uart_clk_reg/Q
                         net (fo=2, routed)           0.200     1.815    exp2_i/OR_0/rst_uart
    SLICE_X59Y36         LUT2 (Prop_lut2_I1_O)        0.046     1.861 f  exp2_i/OR_0/uart_clk_rst_INST_0/O
                         net (fo=11, routed)          0.455     2.316    exp2_i/modular_clk_div_1/inst/rst
    SLICE_X60Y22         FDCE                                         f  exp2_i/modular_clk_div_1/inst/count_reg[7]/CLR
  -------------------------------------------------------------------    -------------------

                         (clock sys_clk_pin rise edge)
                                                      0.000     0.000 r  
    W5                                                0.000     0.000 r  clk (IN)
                         net (fo=0)                   0.000     0.000    clk
    W5                   IBUF (Prop_ibuf_I_O)         0.414     0.414 r  clk_IBUF_inst/O
                         net (fo=1, routed)           0.685     1.099    clk_IBUF
    BUFGCTRL_X0Y0        BUFG (Prop_bufg_I_O)         0.029     1.128 r  clk_IBUF_BUFG_inst/O
                         net (fo=73, routed)          0.851     1.978    exp2_i/modular_clk_div_1/inst/clk
    SLICE_X60Y22         FDCE                                         r  exp2_i/modular_clk_div_1/inst/count_reg[7]/C
                         clock pessimism             -0.478     1.500    
    SLICE_X60Y22         FDCE (Remov_fdce_C_CLR)     -0.129     1.371    exp2_i/modular_clk_div_1/inst/count_reg[7]
  -------------------------------------------------------------------
                         required time                         -1.371    
                         arrival time                           2.316    
  -------------------------------------------------------------------
                         slack                                  0.945    

Slack (MET) :             0.945ns  (arrival time - required time)
  Source:                 exp2_i/uart_rx_0/inst/reset_uart_clk_reg/C
                            (rising edge-triggered cell FDRE clocked by sys_clk_pin  {rise@0.000ns fall@5.000ns period=10.000ns})
  Destination:            exp2_i/modular_clk_div_1/inst/count_reg[8]/CLR
                            (removal check against rising-edge clock sys_clk_pin  {rise@0.000ns fall@5.000ns period=10.000ns})
  Path Group:             **async_default**
  Path Type:              Removal (Min at Fast Process Corner)
  Requirement:            0.000ns  (sys_clk_pin rise@0.000ns - sys_clk_pin rise@0.000ns)
  Data Path Delay:        0.842ns  (logic 0.187ns (22.213%)  route 0.655ns (77.787%))
  Logic Levels:           1  (LUT2=1)
  Clock Path Skew:        0.026ns (DCD - SCD - CPR)
    Destination Clock Delay (DCD):    1.978ns
    Source Clock Delay      (SCD):    1.474ns
    Clock Pessimism Removal (CPR):    0.478ns

    Location             Delay type                Incr(ns)  Path(ns)    Netlist Resource(s)
  -------------------------------------------------------------------    -------------------
                         (clock sys_clk_pin rise edge)
                                                      0.000     0.000 r  
    W5                                                0.000     0.000 r  clk (IN)
                         net (fo=0)                   0.000     0.000    clk
    W5                   IBUF (Prop_ibuf_I_O)         0.226     0.226 r  clk_IBUF_inst/O
                         net (fo=1, routed)           0.631     0.858    clk_IBUF
    BUFGCTRL_X0Y0        BUFG (Prop_bufg_I_O)         0.026     0.884 r  clk_IBUF_BUFG_inst/O
                         net (fo=73, routed)          0.591     1.474    exp2_i/uart_rx_0/inst/clk
    SLICE_X59Y37         FDRE                                         r  exp2_i/uart_rx_0/inst/reset_uart_clk_reg/C
  -------------------------------------------------------------------    -------------------
    SLICE_X59Y37         FDRE (Prop_fdre_C_Q)         0.141     1.615 f  exp2_i/uart_rx_0/inst/reset_uart_clk_reg/Q
                         net (fo=2, routed)           0.200     1.815    exp2_i/OR_0/rst_uart
    SLICE_X59Y36         LUT2 (Prop_lut2_I1_O)        0.046     1.861 f  exp2_i/OR_0/uart_clk_rst_INST_0/O
                         net (fo=11, routed)          0.455     2.316    exp2_i/modular_clk_div_1/inst/rst
    SLICE_X60Y22         FDCE                                         f  exp2_i/modular_clk_div_1/inst/count_reg[8]/CLR
  -------------------------------------------------------------------    -------------------

                         (clock sys_clk_pin rise edge)
                                                      0.000     0.000 r  
    W5                                                0.000     0.000 r  clk (IN)
                         net (fo=0)                   0.000     0.000    clk
    W5                   IBUF (Prop_ibuf_I_O)         0.414     0.414 r  clk_IBUF_inst/O
                         net (fo=1, routed)           0.685     1.099    clk_IBUF
    BUFGCTRL_X0Y0        BUFG (Prop_bufg_I_O)         0.029     1.128 r  clk_IBUF_BUFG_inst/O
                         net (fo=73, routed)          0.851     1.978    exp2_i/modular_clk_div_1/inst/clk
    SLICE_X60Y22         FDCE                                         r  exp2_i/modular_clk_div_1/inst/count_reg[8]/C
                         clock pessimism             -0.478     1.500    
    SLICE_X60Y22         FDCE (Remov_fdce_C_CLR)     -0.129     1.371    exp2_i/modular_clk_div_1/inst/count_reg[8]
  -------------------------------------------------------------------
                         required time                         -1.371    
                         arrival time                           2.316    
  -------------------------------------------------------------------
                         slack                                  0.945    

Slack (MET) :             1.009ns  (arrival time - required time)
  Source:                 exp2_i/uart_rx_0/inst/reset_uart_clk_reg/C
                            (rising edge-triggered cell FDRE clocked by sys_clk_pin  {rise@0.000ns fall@5.000ns period=10.000ns})
  Destination:            exp2_i/modular_clk_div_1/inst/count_reg[3]/CLR
                            (removal check against rising-edge clock sys_clk_pin  {rise@0.000ns fall@5.000ns period=10.000ns})
  Path Group:             **async_default**
  Path Type:              Removal (Min at Fast Process Corner)
  Requirement:            0.000ns  (sys_clk_pin rise@0.000ns - sys_clk_pin rise@0.000ns)
  Data Path Delay:        0.908ns  (logic 0.187ns (20.587%)  route 0.721ns (79.413%))
  Logic Levels:           1  (LUT2=1)
  Clock Path Skew:        0.028ns (DCD - SCD - CPR)
    Destination Clock Delay (DCD):    1.980ns
    Source Clock Delay      (SCD):    1.474ns
    Clock Pessimism Removal (CPR):    0.478ns

    Location             Delay type                Incr(ns)  Path(ns)    Netlist Resource(s)
  -------------------------------------------------------------------    -------------------
                         (clock sys_clk_pin rise edge)
                                                      0.000     0.000 r  
    W5                                                0.000     0.000 r  clk (IN)
                         net (fo=0)                   0.000     0.000    clk
    W5                   IBUF (Prop_ibuf_I_O)         0.226     0.226 r  clk_IBUF_inst/O
                         net (fo=1, routed)           0.631     0.858    clk_IBUF
    BUFGCTRL_X0Y0        BUFG (Prop_bufg_I_O)         0.026     0.884 r  clk_IBUF_BUFG_inst/O
                         net (fo=73, routed)          0.591     1.474    exp2_i/uart_rx_0/inst/clk
    SLICE_X59Y37         FDRE                                         r  exp2_i/uart_rx_0/inst/reset_uart_clk_reg/C
  -------------------------------------------------------------------    -------------------
    SLICE_X59Y37         FDRE (Prop_fdre_C_Q)         0.141     1.615 f  exp2_i/uart_rx_0/inst/reset_uart_clk_reg/Q
                         net (fo=2, routed)           0.200     1.815    exp2_i/OR_0/rst_uart
    SLICE_X59Y36         LUT2 (Prop_lut2_I1_O)        0.046     1.861 f  exp2_i/OR_0/uart_clk_rst_INST_0/O
                         net (fo=11, routed)          0.521     2.382    exp2_i/modular_clk_div_1/inst/rst
    SLICE_X60Y20         FDCE                                         f  exp2_i/modular_clk_div_1/inst/count_reg[3]/CLR
  -------------------------------------------------------------------    -------------------

                         (clock sys_clk_pin rise edge)
                                                      0.000     0.000 r  
    W5                                                0.000     0.000 r  clk (IN)
                         net (fo=0)                   0.000     0.000    clk
    W5                   IBUF (Prop_ibuf_I_O)         0.414     0.414 r  clk_IBUF_inst/O
                         net (fo=1, routed)           0.685     1.099    clk_IBUF
    BUFGCTRL_X0Y0        BUFG (Prop_bufg_I_O)         0.029     1.128 r  clk_IBUF_BUFG_inst/O
                         net (fo=73, routed)          0.853     1.980    exp2_i/modular_clk_div_1/inst/clk
    SLICE_X60Y20         FDCE                                         r  exp2_i/modular_clk_div_1/inst/count_reg[3]/C
                         clock pessimism             -0.478     1.502    
    SLICE_X60Y20         FDCE (Remov_fdce_C_CLR)     -0.129     1.373    exp2_i/modular_clk_div_1/inst/count_reg[3]
  -------------------------------------------------------------------
                         required time                         -1.373    
                         arrival time                           2.382    
  -------------------------------------------------------------------
                         slack                                  1.009    

Slack (MET) :             1.013ns  (arrival time - required time)
  Source:                 exp2_i/uart_rx_0/inst/reset_uart_clk_reg/C
                            (rising edge-triggered cell FDRE clocked by sys_clk_pin  {rise@0.000ns fall@5.000ns period=10.000ns})
  Destination:            exp2_i/modular_clk_div_1/inst/count_reg[1]/CLR
                            (removal check against rising-edge clock sys_clk_pin  {rise@0.000ns fall@5.000ns period=10.000ns})
  Path Group:             **async_default**
  Path Type:              Removal (Min at Fast Process Corner)
  Requirement:            0.000ns  (sys_clk_pin rise@0.000ns - sys_clk_pin rise@0.000ns)
  Data Path Delay:        0.887ns  (logic 0.187ns (21.089%)  route 0.700ns (78.911%))
  Logic Levels:           1  (LUT2=1)
  Clock Path Skew:        0.028ns (DCD - SCD - CPR)
    Destination Clock Delay (DCD):    1.980ns
    Source Clock Delay      (SCD):    1.474ns
    Clock Pessimism Removal (CPR):    0.478ns

    Location             Delay type                Incr(ns)  Path(ns)    Netlist Resource(s)
  -------------------------------------------------------------------    -------------------
                         (clock sys_clk_pin rise edge)
                                                      0.000     0.000 r  
    W5                                                0.000     0.000 r  clk (IN)
                         net (fo=0)                   0.000     0.000    clk
    W5                   IBUF (Prop_ibuf_I_O)         0.226     0.226 r  clk_IBUF_inst/O
                         net (fo=1, routed)           0.631     0.858    clk_IBUF
    BUFGCTRL_X0Y0        BUFG (Prop_bufg_I_O)         0.026     0.884 r  clk_IBUF_BUFG_inst/O
                         net (fo=73, routed)          0.591     1.474    exp2_i/uart_rx_0/inst/clk
    SLICE_X59Y37         FDRE                                         r  exp2_i/uart_rx_0/inst/reset_uart_clk_reg/C
  -------------------------------------------------------------------    -------------------
    SLICE_X59Y37         FDRE (Prop_fdre_C_Q)         0.141     1.615 f  exp2_i/uart_rx_0/inst/reset_uart_clk_reg/Q
                         net (fo=2, routed)           0.200     1.815    exp2_i/OR_0/rst_uart
    SLICE_X59Y36         LUT2 (Prop_lut2_I1_O)        0.046     1.861 f  exp2_i/OR_0/uart_clk_rst_INST_0/O
                         net (fo=11, routed)          0.499     2.361    exp2_i/modular_clk_div_1/inst/rst
    SLICE_X59Y20         FDCE                                         f  exp2_i/modular_clk_div_1/inst/count_reg[1]/CLR
  -------------------------------------------------------------------    -------------------

                         (clock sys_clk_pin rise edge)
                                                      0.000     0.000 r  
    W5                                                0.000     0.000 r  clk (IN)
                         net (fo=0)                   0.000     0.000    clk
    W5                   IBUF (Prop_ibuf_I_O)         0.414     0.414 r  clk_IBUF_inst/O
                         net (fo=1, routed)           0.685     1.099    clk_IBUF
    BUFGCTRL_X0Y0        BUFG (Prop_bufg_I_O)         0.029     1.128 r  clk_IBUF_BUFG_inst/O
                         net (fo=73, routed)          0.853     1.980    exp2_i/modular_clk_div_1/inst/clk
    SLICE_X59Y20         FDCE                                         r  exp2_i/modular_clk_div_1/inst/count_reg[1]/C
                         clock pessimism             -0.478     1.502    
    SLICE_X59Y20         FDCE (Remov_fdce_C_CLR)     -0.154     1.348    exp2_i/modular_clk_div_1/inst/count_reg[1]
  -------------------------------------------------------------------
                         required time                         -1.348    
                         arrival time                           2.361    
  -------------------------------------------------------------------
                         slack                                  1.013    

Slack (MET) :             1.013ns  (arrival time - required time)
  Source:                 exp2_i/uart_rx_0/inst/reset_uart_clk_reg/C
                            (rising edge-triggered cell FDRE clocked by sys_clk_pin  {rise@0.000ns fall@5.000ns period=10.000ns})
  Destination:            exp2_i/modular_clk_div_1/inst/count_reg[4]/CLR
                            (removal check against rising-edge clock sys_clk_pin  {rise@0.000ns fall@5.000ns period=10.000ns})
  Path Group:             **async_default**
  Path Type:              Removal (Min at Fast Process Corner)
  Requirement:            0.000ns  (sys_clk_pin rise@0.000ns - sys_clk_pin rise@0.000ns)
  Data Path Delay:        0.887ns  (logic 0.187ns (21.089%)  route 0.700ns (78.911%))
  Logic Levels:           1  (LUT2=1)
  Clock Path Skew:        0.028ns (DCD - SCD - CPR)
    Destination Clock Delay (DCD):    1.980ns
    Source Clock Delay      (SCD):    1.474ns
    Clock Pessimism Removal (CPR):    0.478ns

    Location             Delay type                Incr(ns)  Path(ns)    Netlist Resource(s)
  -------------------------------------------------------------------    -------------------
                         (clock sys_clk_pin rise edge)
                                                      0.000     0.000 r  
    W5                                                0.000     0.000 r  clk (IN)
                         net (fo=0)                   0.000     0.000    clk
    W5                   IBUF (Prop_ibuf_I_O)         0.226     0.226 r  clk_IBUF_inst/O
                         net (fo=1, routed)           0.631     0.858    clk_IBUF
    BUFGCTRL_X0Y0        BUFG (Prop_bufg_I_O)         0.026     0.884 r  clk_IBUF_BUFG_inst/O
                         net (fo=73, routed)          0.591     1.474    exp2_i/uart_rx_0/inst/clk
    SLICE_X59Y37         FDRE                                         r  exp2_i/uart_rx_0/inst/reset_uart_clk_reg/C
  -------------------------------------------------------------------    -------------------
    SLICE_X59Y37         FDRE (Prop_fdre_C_Q)         0.141     1.615 f  exp2_i/uart_rx_0/inst/reset_uart_clk_reg/Q
                         net (fo=2, routed)           0.200     1.815    exp2_i/OR_0/rst_uart
    SLICE_X59Y36         LUT2 (Prop_lut2_I1_O)        0.046     1.861 f  exp2_i/OR_0/uart_clk_rst_INST_0/O
                         net (fo=11, routed)          0.499     2.361    exp2_i/modular_clk_div_1/inst/rst
    SLICE_X59Y20         FDCE                                         f  exp2_i/modular_clk_div_1/inst/count_reg[4]/CLR
  -------------------------------------------------------------------    -------------------

                         (clock sys_clk_pin rise edge)
                                                      0.000     0.000 r  
    W5                                                0.000     0.000 r  clk (IN)
                         net (fo=0)                   0.000     0.000    clk
    W5                   IBUF (Prop_ibuf_I_O)         0.414     0.414 r  clk_IBUF_inst/O
                         net (fo=1, routed)           0.685     1.099    clk_IBUF
    BUFGCTRL_X0Y0        BUFG (Prop_bufg_I_O)         0.029     1.128 r  clk_IBUF_BUFG_inst/O
                         net (fo=73, routed)          0.853     1.980    exp2_i/modular_clk_div_1/inst/clk
    SLICE_X59Y20         FDCE                                         r  exp2_i/modular_clk_div_1/inst/count_reg[4]/C
                         clock pessimism             -0.478     1.502    
    SLICE_X59Y20         FDCE (Remov_fdce_C_CLR)     -0.154     1.348    exp2_i/modular_clk_div_1/inst/count_reg[4]
  -------------------------------------------------------------------
                         required time                         -1.348    
                         arrival time                           2.361    
  -------------------------------------------------------------------
                         slack                                  1.013    

Slack (MET) :             1.013ns  (arrival time - required time)
  Source:                 exp2_i/uart_rx_0/inst/reset_uart_clk_reg/C
                            (rising edge-triggered cell FDRE clocked by sys_clk_pin  {rise@0.000ns fall@5.000ns period=10.000ns})
  Destination:            exp2_i/modular_clk_div_1/inst/count_reg[5]/CLR
                            (removal check against rising-edge clock sys_clk_pin  {rise@0.000ns fall@5.000ns period=10.000ns})
  Path Group:             **async_default**
  Path Type:              Removal (Min at Fast Process Corner)
  Requirement:            0.000ns  (sys_clk_pin rise@0.000ns - sys_clk_pin rise@0.000ns)
  Data Path Delay:        0.887ns  (logic 0.187ns (21.089%)  route 0.700ns (78.911%))
  Logic Levels:           1  (LUT2=1)
  Clock Path Skew:        0.028ns (DCD - SCD - CPR)
    Destination Clock Delay (DCD):    1.980ns
    Source Clock Delay      (SCD):    1.474ns
    Clock Pessimism Removal (CPR):    0.478ns

    Location             Delay type                Incr(ns)  Path(ns)    Netlist Resource(s)
  -------------------------------------------------------------------    -------------------
                         (clock sys_clk_pin rise edge)
                                                      0.000     0.000 r  
    W5                                                0.000     0.000 r  clk (IN)
                         net (fo=0)                   0.000     0.000    clk
    W5                   IBUF (Prop_ibuf_I_O)         0.226     0.226 r  clk_IBUF_inst/O
                         net (fo=1, routed)           0.631     0.858    clk_IBUF
    BUFGCTRL_X0Y0        BUFG (Prop_bufg_I_O)         0.026     0.884 r  clk_IBUF_BUFG_inst/O
                         net (fo=73, routed)          0.591     1.474    exp2_i/uart_rx_0/inst/clk
    SLICE_X59Y37         FDRE                                         r  exp2_i/uart_rx_0/inst/reset_uart_clk_reg/C
  -------------------------------------------------------------------    -------------------
    SLICE_X59Y37         FDRE (Prop_fdre_C_Q)         0.141     1.615 f  exp2_i/uart_rx_0/inst/reset_uart_clk_reg/Q
                         net (fo=2, routed)           0.200     1.815    exp2_i/OR_0/rst_uart
    SLICE_X59Y36         LUT2 (Prop_lut2_I1_O)        0.046     1.861 f  exp2_i/OR_0/uart_clk_rst_INST_0/O
                         net (fo=11, routed)          0.499     2.361    exp2_i/modular_clk_div_1/inst/rst
    SLICE_X59Y20         FDCE                                         f  exp2_i/modular_clk_div_1/inst/count_reg[5]/CLR
  -------------------------------------------------------------------    -------------------

                         (clock sys_clk_pin rise edge)
                                                      0.000     0.000 r  
    W5                                                0.000     0.000 r  clk (IN)
                         net (fo=0)                   0.000     0.000    clk
    W5                   IBUF (Prop_ibuf_I_O)         0.414     0.414 r  clk_IBUF_inst/O
                         net (fo=1, routed)           0.685     1.099    clk_IBUF
    BUFGCTRL_X0Y0        BUFG (Prop_bufg_I_O)         0.029     1.128 r  clk_IBUF_BUFG_inst/O
                         net (fo=73, routed)          0.853     1.980    exp2_i/modular_clk_div_1/inst/clk
    SLICE_X59Y20         FDCE                                         r  exp2_i/modular_clk_div_1/inst/count_reg[5]/C
                         clock pessimism             -0.478     1.502    
    SLICE_X59Y20         FDCE (Remov_fdce_C_CLR)     -0.154     1.348    exp2_i/modular_clk_div_1/inst/count_reg[5]
  -------------------------------------------------------------------
                         required time                         -1.348    
                         arrival time                           2.361    
  -------------------------------------------------------------------
                         slack                                  1.013    

Slack (MET) :             1.034ns  (arrival time - required time)
  Source:                 exp2_i/uart_rx_0/inst/reset_uart_clk_reg/C
                            (rising edge-triggered cell FDRE clocked by sys_clk_pin  {rise@0.000ns fall@5.000ns period=10.000ns})
  Destination:            exp2_i/modular_clk_div_1/inst/count_reg[0]/CLR
                            (removal check against rising-edge clock sys_clk_pin  {rise@0.000ns fall@5.000ns period=10.000ns})
  Path Group:             **async_default**
  Path Type:              Removal (Min at Fast Process Corner)
  Requirement:            0.000ns  (sys_clk_pin rise@0.000ns - sys_clk_pin rise@0.000ns)
  Data Path Delay:        0.908ns  (logic 0.187ns (20.587%)  route 0.721ns (79.413%))
  Logic Levels:           1  (LUT2=1)
  Clock Path Skew:        0.028ns (DCD - SCD - CPR)
    Destination Clock Delay (DCD):    1.980ns
    Source Clock Delay      (SCD):    1.474ns
    Clock Pessimism Removal (CPR):    0.478ns

    Location             Delay type                Incr(ns)  Path(ns)    Netlist Resource(s)
  -------------------------------------------------------------------    -------------------
                         (clock sys_clk_pin rise edge)
                                                      0.000     0.000 r  
    W5                                                0.000     0.000 r  clk (IN)
                         net (fo=0)                   0.000     0.000    clk
    W5                   IBUF (Prop_ibuf_I_O)         0.226     0.226 r  clk_IBUF_inst/O
                         net (fo=1, routed)           0.631     0.858    clk_IBUF
    BUFGCTRL_X0Y0        BUFG (Prop_bufg_I_O)         0.026     0.884 r  clk_IBUF_BUFG_inst/O
                         net (fo=73, routed)          0.591     1.474    exp2_i/uart_rx_0/inst/clk
    SLICE_X59Y37         FDRE                                         r  exp2_i/uart_rx_0/inst/reset_uart_clk_reg/C
  -------------------------------------------------------------------    -------------------
    SLICE_X59Y37         FDRE (Prop_fdre_C_Q)         0.141     1.615 f  exp2_i/uart_rx_0/inst/reset_uart_clk_reg/Q
                         net (fo=2, routed)           0.200     1.815    exp2_i/OR_0/rst_uart
    SLICE_X59Y36         LUT2 (Prop_lut2_I1_O)        0.046     1.861 f  exp2_i/OR_0/uart_clk_rst_INST_0/O
                         net (fo=11, routed)          0.521     2.382    exp2_i/modular_clk_div_1/inst/rst
    SLICE_X61Y20         FDCE                                         f  exp2_i/modular_clk_div_1/inst/count_reg[0]/CLR
  -------------------------------------------------------------------    -------------------

                         (clock sys_clk_pin rise edge)
                                                      0.000     0.000 r  
    W5                                                0.000     0.000 r  clk (IN)
                         net (fo=0)                   0.000     0.000    clk
    W5                   IBUF (Prop_ibuf_I_O)         0.414     0.414 r  clk_IBUF_inst/O
                         net (fo=1, routed)           0.685     1.099    clk_IBUF
    BUFGCTRL_X0Y0        BUFG (Prop_bufg_I_O)         0.029     1.128 r  clk_IBUF_BUFG_inst/O
                         net (fo=73, routed)          0.853     1.980    exp2_i/modular_clk_div_1/inst/clk
    SLICE_X61Y20         FDCE                                         r  exp2_i/modular_clk_div_1/inst/count_reg[0]/C
                         clock pessimism             -0.478     1.502    
    SLICE_X61Y20         FDCE (Remov_fdce_C_CLR)     -0.154     1.348    exp2_i/modular_clk_div_1/inst/count_reg[0]
  -------------------------------------------------------------------
                         required time                         -1.348    
                         arrival time                           2.382    
  -------------------------------------------------------------------
                         slack                                  1.034    

Slack (MET) :             1.034ns  (arrival time - required time)
  Source:                 exp2_i/uart_rx_0/inst/reset_uart_clk_reg/C
                            (rising edge-triggered cell FDRE clocked by sys_clk_pin  {rise@0.000ns fall@5.000ns period=10.000ns})
  Destination:            exp2_i/modular_clk_div_1/inst/count_reg[2]/CLR
                            (removal check against rising-edge clock sys_clk_pin  {rise@0.000ns fall@5.000ns period=10.000ns})
  Path Group:             **async_default**
  Path Type:              Removal (Min at Fast Process Corner)
  Requirement:            0.000ns  (sys_clk_pin rise@0.000ns - sys_clk_pin rise@0.000ns)
  Data Path Delay:        0.908ns  (logic 0.187ns (20.587%)  route 0.721ns (79.413%))
  Logic Levels:           1  (LUT2=1)
  Clock Path Skew:        0.028ns (DCD - SCD - CPR)
    Destination Clock Delay (DCD):    1.980ns
    Source Clock Delay      (SCD):    1.474ns
    Clock Pessimism Removal (CPR):    0.478ns

    Location             Delay type                Incr(ns)  Path(ns)    Netlist Resource(s)
  -------------------------------------------------------------------    -------------------
                         (clock sys_clk_pin rise edge)
                                                      0.000     0.000 r  
    W5                                                0.000     0.000 r  clk (IN)
                         net (fo=0)                   0.000     0.000    clk
    W5                   IBUF (Prop_ibuf_I_O)         0.226     0.226 r  clk_IBUF_inst/O
                         net (fo=1, routed)           0.631     0.858    clk_IBUF
    BUFGCTRL_X0Y0        BUFG (Prop_bufg_I_O)         0.026     0.884 r  clk_IBUF_BUFG_inst/O
                         net (fo=73, routed)          0.591     1.474    exp2_i/uart_rx_0/inst/clk
    SLICE_X59Y37         FDRE                                         r  exp2_i/uart_rx_0/inst/reset_uart_clk_reg/C
  -------------------------------------------------------------------    -------------------
    SLICE_X59Y37         FDRE (Prop_fdre_C_Q)         0.141     1.615 f  exp2_i/uart_rx_0/inst/reset_uart_clk_reg/Q
                         net (fo=2, routed)           0.200     1.815    exp2_i/OR_0/rst_uart
    SLICE_X59Y36         LUT2 (Prop_lut2_I1_O)        0.046     1.861 f  exp2_i/OR_0/uart_clk_rst_INST_0/O
                         net (fo=11, routed)          0.521     2.382    exp2_i/modular_clk_div_1/inst/rst
    SLICE_X61Y20         FDCE                                         f  exp2_i/modular_clk_div_1/inst/count_reg[2]/CLR
  -------------------------------------------------------------------    -------------------

                         (clock sys_clk_pin rise edge)
                                                      0.000     0.000 r  
    W5                                                0.000     0.000 r  clk (IN)
                         net (fo=0)                   0.000     0.000    clk
    W5                   IBUF (Prop_ibuf_I_O)         0.414     0.414 r  clk_IBUF_inst/O
                         net (fo=1, routed)           0.685     1.099    clk_IBUF
    BUFGCTRL_X0Y0        BUFG (Prop_bufg_I_O)         0.029     1.128 r  clk_IBUF_BUFG_inst/O
                         net (fo=73, routed)          0.853     1.980    exp2_i/modular_clk_div_1/inst/clk
    SLICE_X61Y20         FDCE                                         r  exp2_i/modular_clk_div_1/inst/count_reg[2]/C
                         clock pessimism             -0.478     1.502    
    SLICE_X61Y20         FDCE (Remov_fdce_C_CLR)     -0.154     1.348    exp2_i/modular_clk_div_1/inst/count_reg[2]
  -------------------------------------------------------------------
                         required time                         -1.348    
                         arrival time                           2.382    
  -------------------------------------------------------------------
                         slack                                  1.034    





